file,team_id,player,owner,event,rank,date,pokepaste,species
003_miraidon-calyrexice.txt,I164,Atalanta,wandali11688951,-,-,29 Apr 2025,https://pokepast.es/3aa45a2a98952af7,Miraidon / Calyrex-Ice / Whimsicott / Ogerpon-Hearthflame / Farigiraf / Urshifu-Rapid-Strike
004_miraidon-calyrexice.txt,I166,Atalanta,wandali11688951,-,-,29 Apr 2025,https://pokepast.es/3d1c25d722df1949,Miraidon / Calyrex-Ice / Whimsicott / Ogerpon-Hearthflame / Farigiraf / Iron Hands
005_calyrexshadow-koraidon.txt,I167,Atalanta,wandali11688951,-,-,29 Apr 2025,https://pokepast.es/407e3e0f7067052f,Calyrex-Shadow / Koraidon / Whimsicott / Clefairy / Walking Wake / Chien-Pao
006_terapagos-calyrexshadow.txt,I172,Atalanta,wandali11688951,-,-,29 Apr 2025,https://pokepast.es/4375485098fdde40,Terapagos / Calyrex-Shadow / Incineroar / Rillaboom / Amoonguss / Urshifu-Rapid-Strike
007_miraidon-calyrexice.txt,I165,Atalanta,wandali11688951,-,-,29 Apr 2025,https://pokepast.es/6735396b2c68ad9a,Miraidon / Calyrex-Ice / Iron Valiant / Volcarona / Urshifu-Rapid-Strike / Farigiraf
009_groudon-lunala.txt,I173,Atalanta,wandali11688951,-,-,29 Apr 2025,https://pokepast.es/7cad11b4edb1cf8d,Groudon / Lunala / Indeedee-F / Roaring Moon / Urshifu / Ogerpon-Hearthflame
010_miraidon-calyrexice.txt,I163,Atalanta,wandali11688951,-,-,29 Apr 2025,https://pokepast.es/873b39d35dd5b1d5,Miraidon / Calyrex-Ice / Grimmsnarl / Volcarona / Ditto / Iron Hands
011_hooh-miraidon.txt,I171,Atalanta,wandali11688951,-,-,29 Apr 2025,https://pokepast.es/8a2335a101620d91,Ho-Oh / Miraidon / Urshifu-Rapid-Strike / Iron Treads / Iron Hands / Grimmsnarl
012_hooh-koraidon.txt,I170,Atalanta,wandali11688951,-,-,29 Apr 2025,https://pokepast.es/996528e5b3fdea32,Ho-Oh / Koraidon / Raging Bolt / Amoonguss / Flutter Mane / Chien-Pao
016_lunala-koraidon.txt,I169,Atalanta,wandali11688951,-,-,29 Apr 2025,https://pokepast.es/df043153701d1520,Lunala / Koraidon / Flutter Mane / Indeedee-F / Ogerpon-Cornerstone / Ursaluna
017_calyrexshadow-zamazenta.txt,I1101,Yoshikazu Sawane,mel_555_dw,AI Off,Runner Up,9 Aug 2025,https://pokepast.es/51ad1070ec3db1b7,Calyrex-Shadow / Zamazenta / Ogerpon-Hearthflame / Incineroar / Rillaboom / Raging Bolt
018_koraidon-miraidon.txt,I917,yojyosyugi,yojyosyugi,Ai Off Team Tour,3rd,5 Jul 2025,https://pokepast.es/46a35a75ac0533ab,Koraidon / Miraidon / Grimmsnarl / Incineroar / Volcarona / Flutter Mane
019_indeedeef-calyrexice.txt,I530,Kreide1119,kreide1119,Battle Stadium S30,794th,31 May 2025,https://pokepast.es/04a3f624dd73d81a,Indeedee-F / Calyrex-Ice / Urshifu-Rapid-Strike / Ursaluna / Crabominable / Necrozma-Dawn-Wings
021_miraidon-koraidon.txt,I554,Fumiaki Suwa,yunuponnu,Battle Stadium S30,11th,1 Jun 2025,https://pokepast.es/141e1aaf46ed344c,Miraidon / Koraidon / Flutter Mane / Volcarona / Grimmsnarl / Incineroar
022_miraidon-solgaleo.txt,I365,tamii,tamii_0745,Battle Stadium S30,-,26 May 2025,https://pokepast.es/19d18ddf670673f3,Miraidon / Solgaleo / Incineroar / Iron Leaves / Urshifu-Rapid-Strike / Ursaluna
023_calyrexice-kyogre.txt,I534,shikabane,shikabane_chann,Battle Stadium S30,218th,1 Jun 2025,https://pokepast.es/1bf3c53a6e44c3f0,Calyrex-Ice / Kyogre / Scraggy / Rillaboom / Amoonguss / Sentret
024_terapagos-zamazenta.txt,I282,Yvar,yvarvgc,Battle Stadium S30,Peak 1st,12 May 2025,https://pokepast.es/2008e94ea7026832,Terapagos / Zamazenta / Incineroar / Rillaboom / Smeargle / Tornadus
025_miraidon-calyrexshadow.txt,I537,pone,poneyatungusuka,Battle Stadium S30,Peak 124th,1 Jun 2025,https://pokepast.es/26fbbf13f10e1b3a,Miraidon / Calyrex-Shadow / Incineroar / Iron Hands / Talonflame / Dragonite
026_dragonite-zamazenta.txt,I548,Yoshikazu Sawane,mel_555_dw,Battle Stadium S30,53rd,1 Jun 2025,https://pokepast.es/2b20db07ad12b3ad,Dragonite / Zamazenta / Calyrex-Shadow / Chien-Pao / Urshifu-Rapid-Strike / Weezing-Galar
027_groudon-hooh.txt,I281,Hijito Kihara,dodoriosiriru,Battle Stadium S30,Peak 91st,16 May 2025,https://pokepast.es/396c031439b62dbc,Groudon / Ho-Oh / Flutter Mane / Iron Hands / Sableye / Infernape
028_zamazenta-calyrexshadow.txt,I550,heavens13poke,heavens13poke,Battle Stadium S30,26th,1 Jun 2025,https://pokepast.es/3eb961c024e125e7,Zamazenta / Calyrex-Shadow / Roaring Moon / Indeedee-F / Rhyperior / Ogerpon-Cornerstone
029_lunala-groudon.txt,I544,yuukari,yuukari_circle,Battle Stadium S30,65th,1 Jun 2025,https://pokepast.es/401dd011a0b64893,Lunala / Groudon / Walking Wake / Raging Bolt / Flutter Mane / Incineroar
030_zamazenta-hooh.txt,I541,Shu Inokuchi,rika_poke_,Battle Stadium S30,83rd,1 Jun 2025,https://pokepast.es/50d6ef36801ece96,Zamazenta / Ho-Oh / Chien-Pao / Dondozo / Raging Bolt / Ting-Lu
031_tatsugiri-calyrexshadow.txt,I557,etsukocccc,etsukocccc,Battle Stadium S30,7th,1 Jun 2025,https://pokepast.es/518000ec9f2795d0,Tatsugiri / Calyrex-Shadow / Tornadus / Dondozo / Miraidon / Chi-Yu
032_lunala-miraidon.txt,I558,Ko Tsukide,huyubare_poke,Battle Stadium S30,4th,1 Jun 2025,https://pokepast.es/51e9b99ef4f9e7be,Lunala / Miraidon / Tornadus / Incineroar / Urshifu-Rapid-Strike / Ursaluna
034_calyrexshadow-zamazenta.txt,I536,CHORI,chori_002,Battle Stadium S30,129th,1 Jun 2025,https://pokepast.es/5ee1e955c4dad2e0,Calyrex-Shadow / Zamazenta / Whimsicott / Chien-Pao / Urshifu-Rapid-Strike / Maushold-Four
035_koraidon-lunala.txt,I526,seventh_sins,seventh_sins,Battle Stadium S30,1110th,3 Jun 2025,https://pokepast.es/63dd0dbeb7d53e06,Koraidon / Lunala / Brute Bonnet / Incineroar / Raging Bolt / Rillaboom
036_calyrexshadow-koraidon.txt,I527,kirawaretenp,kirawaretenp,Battle Stadium S30,862th,1 Jun 2025,https://pokepast.es/6a80a7f1f21bed0f,Calyrex-Shadow / Koraidon / Weezing-Galar / Dondozo / Brute Bonnet / Tatsugiri-Droopy
037_miraidon-terapagos.txt,I547,146_poke,146_poke,Battle Stadium S30,54th & 94th,1 Jun 2025,https://pokepast.es/762e5e75d4f04ff9,Miraidon / Terapagos / Rillaboom / Incineroar / Chien-Pao / Volcarona
038_calyrexice-terapagos.txt,I549,Xinyu Liao,xinyuvgc,Battle Stadium S30,33rd,1 Jun 2025,https://pokepast.es/859e5547f531e8f4,Calyrex-Ice / Terapagos / Smeargle / Ogerpon-Cornerstone / Urshifu-Rapid-Strike / Tornadus
039_ironmoth-miraidon.txt,I546,Ruuto,tbhla7130,Battle Stadium S30,57th,1 Jun 2025,https://pokepast.es/95f217b98fc1665e,Iron Moth / Miraidon / Calyrex-Ice / Incineroar / Whimsicott / Urshifu-Rapid-Strike
040_koraidon-lunala.txt,I552,pad1101,pad1101,Battle Stadium S30,Peak 16th,31 May 2025,https://pokepast.es/973ae6bfa051a211,Koraidon / Lunala / Dragonite / Ursaluna-Bloodmoon / Incineroar / Rillaboom
041_dialga-giratina.txt,I525,Tatsuya Watanuki,1803gi,Battle Stadium S30,-,1 Jun 2025,https://pokepast.es/98c2c848da6e9f50,Dialga / Giratina / Incineroar / Dragonite / Azumarill / Iron Jugulis
042_miraidon-koraidon.txt,I542,moscate1oon,moscate1oon,Battle Stadium S30,73rd,1 Jun 2025,https://pokepast.es/99b85de447aaad46,Miraidon / Koraidon / Volcarona / Grimmsnarl / Incineroar / Walking Wake
043_calyrexshadow-zamazenta.txt,I556,Berumotto,berumotto565651,Battle Stadium S30,8th,3 Jun 2025,https://pokepast.es/a3b75a1c92c4141d,Calyrex-Shadow / Zamazenta / Chien-Pao / Amoonguss / Raging Bolt / Ting-Lu
044_miraidon-lunala.txt,I535,poke_love_cIub,poke_love_ciub,Battle Stadium S30,214th,16 Jun 2025,https://pokepast.es/a95ee5389ee03a5d,Miraidon / Lunala / Rillaboom / Incineroar / Zapdos-Galar / Sinistcha
046_calyrexice-terapagos.txt,I555,spy_anya11,spy_anya11,Battle Stadium S30,10th & 36th,1 Jun 2025,https://pokepast.es/c07b6aa006cd5336,Calyrex-Ice / Terapagos / Incineroar / Rillaboom / Urshifu-Rapid-Strike / Amoonguss
048_calyrexice-fluttermane.txt,I369,takoyaki,8989takoyaki,Battle Stadium S30,-,31 May 2025,https://pokepast.es/ca440e2305bdd9c5,Calyrex-Ice / Flutter Mane / Indeedee-F / Dusclops / Urshifu-Rapid-Strike / Kyogre
049_calyrexshadow-zamazenta.txt,I545,Xena,xenagaming248,Battle Stadium S30,58th,1 Jun 2025,https://pokepast.es/cbd2d3671b1396c4,Calyrex-Shadow / Zamazenta / Ogerpon-Cornerstone / Volcarona / Brute Bonnet / Rillaboom
051_miraidon-calyrexice.txt,I529,petrus_poke,petrus_poke,Battle Stadium S30,809th,1 Jun 2025,https://pokepast.es/d6ecf6159cb1e299,Miraidon / Calyrex-Ice / Chi-Yu / Urshifu-Rapid-Strike / Ursaluna-Bloodmoon / Talonflame
052_miraidon-zamazenta.txt,I532,CHORI,chori_002,Battle Stadium S30,327th,1 Jun 2025,https://pokepast.es/e19ec8340a1752cc,Miraidon / Zamazenta / Whimsicott / Urshifu-Rapid-Strike / Chien-Pao / Flutter Mane
053_whimsicott-miraidon.txt,I553,kyogrepoke,kyogrepoke,Battle Stadium S30,16th & 98th,2 Jun 2025,https://pokepast.es/fa63598382785b3e,Whimsicott / Miraidon / Calyrex-Ice / Urshifu-Rapid-Strike / Incineroar / Volcarona
054_miraidon-groudon.txt,I889,aqril15,aqril15,Battle Stadium S31,90th,1 Jul 2025,https://pokepast.es/051184fcb2eebf79,Miraidon / Groudon / Grimmsnarl / Volcarona / Incineroar / Flutter Mane
055_koraidon-miraidon.txt,I901,taeyeon0gn8,taeyeon0gn8,Battle Stadium S31,29th,1 Jul 2025,https://pokepast.es/088a0c79dd28f53e,Koraidon / Miraidon / Grimmsnarl / Incineroar / Volcarona / Flutter Mane
056_tatsugiridroopy-smeargle.txt,I892,Yukuse,yukuse4,Battle Stadium S31,82nd,1 Jul 2025,https://pokepast.es/127103738f1591ce,Tatsugiri-Droopy / Smeargle / Calyrex-Shadow / Dondozo / Muk-Alola / Miraidon
057_whimsicott-ceruledge.txt,I885,Cubone,cubone104105,Battle Stadium S31,125th & 199th,1 Jul 2025,https://pokepast.es/132797c94f0e3cbb,Whimsicott / Ceruledge / Brute Bonnet / Archaludon / Kyogre / Zamazenta
058_kyogre-amoonguss.txt,I566,Ryota Otsubo,barudoru,Battle Stadium S31,Peak 86th,7 Jun 2025,https://pokepast.es/16e43a4f6096360f,Kyogre / Amoonguss / Zamazenta / Iron Jugulis / Ceruledge / Zebstrika
059_chiyu-groudon.txt,I903,Giovanni Cischke,pqlarbear,Battle Stadium S31,22nd,1 Jul 2025,https://pokepast.es/2a1c7eccc6e2f49f,Chi-Yu / Groudon / Raging Bolt / Calyrex-Ice / Flutter Mane / Ogerpon-Wellspring
061_terapagos-fluttermane.txt,I884,etsukocccc,etsukocccc,Battle Stadium S31,133rd,29 Jun 2025,https://pokepast.es/4b8049fa12be36ef,Terapagos / Flutter Mane / Raging Bolt / Urshifu / Tornadus / Groudon
062_lunala-zamazenta.txt,I876,tamii,tamii_0745,Battle Stadium S31,880th,1 Jul 2025,https://pokepast.es/50b0294cfd0e9e0b,Lunala / Zamazenta / Incineroar / Rillaboom / Chien-Pao / Ursaluna
063_miraidon-zamazenta.txt,I895,Aki Shibuya,shuuka_poke,Battle Stadium S31,57th,1 Jul 2025,https://pokepast.es/5438d1438b09e330,Miraidon / Zamazenta / Smeargle / Volcarona / Grimmsnarl / Incineroar
064_miraidon-farigiraf.txt,I887,mek191817,mek191817,Battle Stadium S31,96th,1 Jul 2025,https://pokepast.es/5a9106e55ff4a049,Miraidon / Farigiraf / Groudon / Incineroar / Volcarona / Flutter Mane
065_cinccino-miraidon.txt,I894,syatenie,syatenie,Battle Stadium S31,63rd,1 Jul 2025,https://pokepast.es/5de3c3f9cc3dce09,Cinccino / Miraidon / Zamazenta / Dragonite / Whimsicott / Chien-Pao
066_lunala-rillaboom.txt,I891,Joseph Cartin,cartinofjoe,Battle Stadium S31,85th,4 Jul 2025,https://pokepast.es/6b72a9b9a6024bba,Lunala / Rillaboom / Incineroar / Miraidon / Volcarona / Pelipper
067_calyrexshadow-zamazenta.txt,I905,Satoshi Anzai,icho_poke,Battle Stadium S31,13th,1 Jul 2025,https://pokepast.es/7932cdc597bedc5b,Calyrex-Shadow / Zamazenta / Chien-Pao / Walking Wake / Chi-Yu / Amoonguss
069_groudon-jumpluff.txt,I899,Motoki Agano,agano_pokemon,Battle Stadium S31,34th,1 Jul 2025,https://pokepast.es/80119814893105b6,Groudon / Jumpluff / Raging Bolt / Calyrex-Shadow / Iron Valiant / Walking Wake
070_calyrexshadow-indeedeef.txt,I878,tocrodarkasset,tocrodarkasset,Battle Stadium S31,446th,1 Jul 2025,https://pokepast.es/86053176eecdc7ab,Calyrex-Shadow / Indeedee-F / Lunala / Urshifu-Rapid-Strike / Torkoal / Raging Bolt
072_calyrexshadow-koraidon.txt,I882,CHORI,chori_002,Battle Stadium S31,160th,1 Jul 2025,https://pokepast.es/8fbe557e151b67e0,Calyrex-Shadow / Koraidon / Whimsicott / Chien-Pao / Walking Wake / Maushold-Four
073_calyrexice-miraidon.txt,I569,Hiroto Hayasaki,arubega_poke,Battle Stadium S31,Peak 1st,7 Jun 2025,https://pokepast.es/9affb5b265a81343,Calyrex-Ice / Miraidon / Grimmsnarl / Urshifu-Rapid-Strike / Incineroar / Landorus
074_calyrexshadow-zamazenta.txt,I874,Yuta Takahashi,kurohanolu,Battle Stadium S31,-,1 Jul 2025,https://pokepast.es/9cdb433903f4c92a,Calyrex-Shadow / Zamazenta / Raging Bolt / Rillaboom / Tornadus / Smeargle
075_indeedeef-calyrexice.txt,I880,Kreide1119,kreide1119,Battle Stadium S31,273rd,1 Jul 2025,https://pokepast.es/9ded35346e574023,Indeedee-F / Calyrex-Ice / Urshifu-Rapid-Strike / Annihilape / Crabominable / Necrozma-Dawn-Wings
076_calyrexice-kyogre.txt,I568,Hijito Kihara,dodoriosiriru,Battle Stadium S31,Peak 36th,15 Jun 2025,https://pokepast.es/a9ff0ea522ca15a2,Calyrex-Ice / Kyogre / Venonat / Farigiraf / Ursaluna / Urshifu-Rapid-Strike
077_miraidon-calyrexice.txt,I898,Tomoki Goto,gototapufinivgc,Battle Stadium S31,35th,1 Jul 2025,https://pokepast.es/acc839ad30ebcc5d,Miraidon / Calyrex-Ice / Grimmsnarl / Urshifu-Rapid-Strike / Landorus / Incineroar
079_rillaboom-urshifu.txt,I638,masaaa_poke,masaaa_poke,Battle Stadium S31,Peak 69th,19 Jun 2025,https://pokepast.es/b24c4f452793b53e,Rillaboom / Urshifu / Calyrex-Shadow / Zamazenta / Chi-Yu / Whimsicott
080_zamazenta-kyogre.txt,I875,Sliverfish,iamsliverfish,Battle Stadium S31,-,6 Jul 2025,https://pokepast.es/d18417945d329873,Zamazenta / Kyogre / Chien-Pao / Roaring Moon / Rillaboom / Urshifu-Rapid-Strike
081_ironmoth-miraidon.txt,I893,Ruuto,tbhla7130,Battle Stadium S31,67th,1 Jul 2025,https://pokepast.es/d405d7ccebf9f883,Iron Moth / Miraidon / Calyrex-Ice / Incineroar / Whimsicott / Urshifu-Rapid-Strike
082_zamazenta-giratinaorigin.txt,I881,moscate1oon,moscate1oon,Battle Stadium S31,177th,1 Jul 2025,https://pokepast.es/d4a285b5cee9a1aa,Zamazenta / Giratina-Origin / Excadrill / Tyranitar / Amoonguss / Pelipper
083_kyogre-calyrexice.txt,I896,poke_love_cIub,poke_love_ciub,Battle Stadium S31,53rd,1 Jul 2025,https://pokepast.es/d5d3271e0c3a747e,Kyogre / Calyrex-Ice / Urshifu-Rapid-Strike / Iron Hands / Indeedee-F / Rillaboom
084_groudon-miraidon.txt,I984,Tang Shiliang,tsltang0508,Battle Stadium S31,7th,22 Jul 2025,https://pokepast.es/ef22d48c0b0f95ea,Groudon / Miraidon / Grimmsnarl / Incineroar / Ditto / Farigiraf
085_miraidon-groudon.txt,I900,Ryoma Okamoto,ryoma9901_poke,Battle Stadium S31,30th,1 Jul 2025,https://pokepast.es/f8a7beb8244b7702,Miraidon / Groudon / Whimsicott / Grimmsnarl / Volcarona / Chien-Pao
086_zamazenta-lunala.txt,I939,No Data,gardevoir_3710,Battle Stadium S32,Peak 138th,13 Jul 2025,https://pokepast.es/069f9f96a3ed5765,Zamazenta / Lunala / Ursaluna / Cresselia / Clefable / Roaring Moon
088_koraidon-incineroar.txt,I1069,Tang Shiliang,tsltang0508,Battle Stadium S32,26th & 41st,1 Aug 2025,https://pokepast.es/191f99436715049f,Koraidon / Incineroar / Terapagos / Flutter Mane / Volcarona / Cresselia
089_calyrexshadow-zamazenta.txt,I1075,Satoshi Anzai,icho_poke,Battle Stadium S32,14th,1 Aug 2025,https://pokepast.es/1a98a21cd5fd26fd,Calyrex-Shadow / Zamazenta / Chien-Pao / Dragonite / Iron Valiant / Amoonguss
090_koraidon-chiyu.txt,I564,kyukon193,kyukon193,Battle Stadium S32,Peak 3162nd,12 Jun 2025,https://pokepast.es/2077fcf739f9784d,Koraidon / Chi-Yu / Calyrex-Shadow / Raging Bolt / Indeedee-F / Iron Valiant
091_miraidon-calyrexice.txt,I1081,sznturtles,sznturtles,Battle Stadium S32,5th,1 Aug 2025,https://pokepast.es/268f55dac63dd880,Miraidon / Calyrex-Ice / Volcarona / Urshifu-Rapid-Strike / Pelipper / Farigiraf
092_calyrexshadow-groudon.txt,I1038,paperrr748,paperrr748,Battle Stadium S32,,1 Aug 2025,https://pokepast.es/26bb6965975b740c,Calyrex-Shadow / Groudon / Indeedee-F / Smeargle / Raging Bolt / Ogerpon-Wellspring
093_indeedeef-exeggutor.txt,I916,cayennevgc,cayennevgc,Battle Stadium S32,Peak 2nd,4 Jul 2025,https://pokepast.es/318f17537915c7a7,Indeedee-F / Exeggutor / Koraidon / Calyrex-Ice / Walking Wake / Rhyperior
094_calyrexshadow-maushold.txt,I1058,moscate1oon,moscate1oon,Battle Stadium S32,66th,1 Aug 2025,https://pokepast.es/320d485434f650c9,Calyrex-Shadow / Maushold / Miraidon / Whimsicott / Incineroar / Urshifu-Rapid-Strike
095_calyrexice-ursaluna.txt,I913,Roberto Giampietri,robertogc95,Battle Stadium S32,Peak 393th,11 Jul 2025,https://pokepast.es/478e4e76b68844a1,Calyrex-Ice / Ursaluna / Indeedee-F / Lunala / Annihilape / Ogerpon
096_kyogre-miraidon.txt,I1071,sora,38_dessert,Battle Stadium S32,24th,1 Aug 2025,https://pokepast.es/49807e6cd27f281e,Kyogre / Miraidon / Iron Treads / Urshifu-Rapid-Strike / Zapdos / Incineroar
097_miraidon-lunala.txt,I911,Hijito Kihara,dodoriosiriru,Battle Stadium S32,-,5 Jul 2025,https://pokepast.es/4fe5b4a946680e53,Miraidon / Lunala / Chien-Pao / Incineroar / Urshifu-Rapid-Strike / Dugtrio
098_ironbundle-miraidon.txt,I1072,Xinyu Liao,xinyuvgc,Battle Stadium S32,22nd,1 Aug 2025,https://pokepast.es/5396fc6920dee4fd,Iron Bundle / Miraidon / Terapagos / Incineroar / Dragonite / Volcarona
099_miraidon-calyrexice.txt,I1042,momonga_pkm,momonga_pkm,Battle Stadium S32,712th,2 Aug 2025,https://pokepast.es/555bba2efaf6d98e,Miraidon / Calyrex-Ice / Tornadus / Urshifu-Rapid-Strike / Whimsicott / Volcarona
100_skeledirge-kilowattrel.txt,I912,Ryota Otsubo,barudoru,Battle Stadium S32,-,6 Jul 2025,https://pokepast.es/5dcb37a7d8b9811f,Skeledirge / Kilowattrel / Pikachu / Lucario / Rayquaza / Calyrex-Ice
101_koraidon-lunala.txt,I1063,Aki Shibuya,shuuka_poke,Battle Stadium S32,57th,1 Aug 2025,https://pokepast.es/6266a53b25c142da,Koraidon / Lunala / Flutter Mane / Chi-Yu / Raging Bolt / Indeedee-F
102_calyrexshadow-groudon.txt,I1037,tamii,tamii_0745,Battle Stadium S32,,1 Aug 2025,https://pokepast.es/65f8a869ebcdc1ce,Calyrex-Shadow / Groudon / Entei / Rillaboom / Smeargle / Roaring Moon
103_calyrexice-groudon.txt,I1055,Okiina330,okiina330,Battle Stadium S32,95th,1 Aug 2025,https://pokepast.es/6809f2dcaa4624aa,Calyrex-Ice / Groudon / Incineroar / Flutter Mane / Sinistcha / Shiftry
105_zamazenta-ogerponcornerstone.txt,I1060,homura_kurenai_,homura_kurenai_,Battle Stadium S32,62nd,1 Aug 2025,https://pokepast.es/6c20850a3daa0dac,Zamazenta / Ogerpon-Cornerstone / Chien-Pao / Amoonguss / Calyrex-Shadow / Raging Bolt
106_calyrexshadow-koraidon.txt,I1049,araquanid_mpk,araquanid_mpk,Battle Stadium S32,168th,1 Aug 2025,https://pokepast.es/6d92caca92cd829f,Calyrex-Shadow / Koraidon / Incineroar / Rillaboom / Clefairy / Smeargle
109_latios-rillaboom.txt,I986,Ryota Otsubo,barudoru,Battle Stadium S32,Peak 97th,20 Jul 2025,https://pokepast.es/7aa889a99eee3e1f,Latios / Rillaboom / Urshifu-Rapid-Strike / Zamazenta / Lunala / Torkoal
110_calyrexice-groudon.txt,I1054,takoyaki,8989takoyaki,Battle Stadium S32,120th,1 Aug 2025,https://pokepast.es/7d25437474d25c5e,Calyrex-Ice / Groudon / Raging Bolt / Flutter Mane / Iron Moth / Ogerpon-Cornerstone
111_koraidon-lunala.txt,I985,Hijito Kihara,dodoriosiriru,Battle Stadium S32,Peak 123rd,22 Jul 2025,https://pokepast.es/8ae67e869a90ac76,Koraidon / Lunala / Raging Bolt / Meowth-Alola / Incineroar / Ursaluna
112_groudon-miraidon.txt,I1043,murasaki,murasaki5682,Battle Stadium S32,560th,1 Aug 2025,https://pokepast.es/8d14f611773e6547,Groudon / Miraidon / Volcarona / Flutter Mane / Incineroar / Grimmsnarl
113_miraidon-calyrexshadow.txt,I1061,syatenie,syatenie,Battle Stadium S32,61st,1 Aug 2025,https://pokepast.es/943b868d5b956abc,Miraidon / Calyrex-Shadow / Volcarona / Whimsicott / Cinccino / Urshifu-Rapid-Strike
114_terapagos-necrozmadawnwings.txt,I1040,kirawaretenp,kirawaretenp,Battle Stadium S32,873rd,1 Aug 2025,https://pokepast.es/95e0a76e45387ca3,Terapagos / Necrozma-Dawn-Wings / Murkrow / Indeedee-F / Weezing-Galar / Smeargle
115_calyrexice-kyogre.txt,I1044,edam7535,edam7535,Battle Stadium S32,517th,1 Aug 2025,https://pokepast.es/96a343acd86f9640,Calyrex-Ice / Kyogre / Urshifu-Rapid-Strike / Amoonguss / Iron Jugulis / Rillaboom
116_koraidon-calyrexice.txt,I1050,Kou,kououp,Battle Stadium S32,Peak 160th,1 Aug 2025,https://pokepast.es/9877fd0e6a3acd53,Koraidon / Calyrex-Ice / Flutter Mane / Rillaboom / Incineroar / Alomomola
117_indeedeef-calyrexice.txt,I1057,Kreide1119,kreide1119,Battle Stadium S32,70th,1 Aug 2025,https://pokepast.es/a1a9af1da7e60ccb,Indeedee-F / Calyrex-Ice / Urshifu-Rapid-Strike / Annihilape / Crabominable / Necrozma-Dawn-Wings
118_calyrexshadow-zamazenta.txt,I1073,Ryoma Okamoto,ryoma9901_poke,Battle Stadium S32,19th,1 Aug 2025,https://pokepast.es/a42575c447a7d6a6,Calyrex-Shadow / Zamazenta / Amoonguss / Raging Bolt / Tornadus / Chien-Pao
119_calyrexshadow-koraidon.txt,I1045,kaibaraitou,kaibaraitou,Battle Stadium S32,320th,2 Aug 2025,https://pokepast.es/b8061c2a03d02005,Calyrex-Shadow / Koraidon / Raging Bolt / Incineroar / Grimmsnarl / Clefairy
120_fluttermane-groudon.txt,I1039,mek191817,mek191817,Battle Stadium S32,,1 Aug 2025,https://pokepast.es/b8f5b349e7d190d5,Flutter Mane / Groudon / Calyrex-Ice / Raging Bolt / Chi-Yu / Ogerpon-Wellspring
121_miraidon-zamazenta.txt,I1146,Berumotto,berumotto565651,Battle Stadium S32,6th,19 Aug 2025,https://pokepast.es/c2cfadd9b61c15f1,Miraidon / Zamazenta / Chien-Pao / Grimmsnarl / Volcarona / Iron Hands
122_calyrexshadow-zamazenta.txt,I1064,could_do28,could_do28,Battle Stadium S32,52nd & 84th,1 Aug 2025,https://pokepast.es/cbfcf29215b0b89c,Calyrex-Shadow / Zamazenta / Roaring Moon / Maushold-Four / Weezing / Amoonguss
123_rhyperior-koraidon.txt,I1068,cayennevgc,cayennevgc,Battle Stadium S32,31st,1 Aug 2025,https://pokepast.es/d1c933d3764b22de,Rhyperior / Koraidon / Calyrex-Ice / Exeggutor / Walking Wake / Indeedee-F
124_lunala-terapagos.txt,I914,Hijito Kihara,dodoriosiriru,Battle Stadium S32,Peak 51st,1 Jul 2025,https://pokepast.es/e5a9f91be16dd626,Lunala / Terapagos / Ursaluna / Rillaboom / Gouging Fire / Flamigo
125_calyrexshadow-rillaboom.txt,I1046,vi0ra_pokemon,vi0ra_pokemon,Battle Stadium S32,297th,1 Aug 2025,https://pokepast.es/e96c28e674af4c9a,Calyrex-Shadow / Rillaboom / Smeargle / Terapagos / Urshifu-Rapid-Strike / Whimsicott
126_miraidon-lunala.txt,I1076,mariruri,mariruripokemo2,Battle Stadium S32,Peak 12th,1 Aug 2025,https://pokepast.es/ea37033fcefb8113,Miraidon / Lunala / Urshifu-Rapid-Strike / Incineroar / Ursaluna / Whimsicott
127_calyrexshadow-rillaboom.txt,I1067,hyt192837,hyt192837,Battle Stadium S32,32nd,1 Aug 2025,https://pokepast.es/ebfb85110af5d445,Calyrex-Shadow / Rillaboom / Clefairy / Grimmsnarl / Incineroar / Miraidon
128_calyrexshadow-zamazenta.txt,I1062,sayawo,sayawo_poke,Battle Stadium S32,Peak 59th & 92nd,1 Aug 2025,https://pokepast.es/ffb8b3cb0988369b,Calyrex-Shadow / Zamazenta / Urshifu-Rapid-Strike / Chien-Pao / Incineroar / Raging Bolt
129_zamazenta-calyrexshadow.txt,I1220,syatenie,syatenie,Battle Stadium S33,38th,1 Sep 2025,https://pokepast.es/02478cf5ef88bf98,Zamazenta / Calyrex-Shadow / Whimsicott / Cinccino / Chien-Pao / Dragonite
130_calyrexshadow-zamazenta.txt,I1218,Aki Shibuya,shuuka_poke,Battle Stadium S33,47th,1 Sep 2025,https://pokepast.es/2c095ec18be78212,Calyrex-Shadow / Zamazenta / Ogerpon-Cornerstone / Chi-Yu / Whimsicott / Incineroar
131_calyrexshadow-zamazenta.txt,I1216,CHORI,chori_002,Battle Stadium S33,155th & 172nd,1 Sep 2025,https://pokepast.es/4c8f101c386eb8b9,Calyrex-Shadow / Zamazenta / Whimsicott / Chien-Pao / Ogerpon-Cornerstone / Maushold-Four
132_miraidon-whimsicott.txt,I1223,etsukocccc,etsukocccc,Battle Stadium S33,17th,1 Sep 2025,https://pokepast.es/9bf14154f284c9e2,Miraidon / Whimsicott / Incineroar / Calyrex-Ice / Urshifu-Rapid-Strike / Landorus
133_lunala-rayquaza.txt,I1217,pad1101,pad1101,Battle Stadium S33,Peak 93rd,1 Sep 2025,https://pokepast.es/c9510685dcfcc159,Lunala / Rayquaza / Urshifu-Rapid-Strike / Incineroar / Rillaboom / Ursaluna-Bloodmoon
134_miraidon-zamazenta.txt,I1219,Dumbo,dumbo_poke,Battle Stadium S33,44th,1 Sep 2025,https://pokepast.es/cb27fd783a38d6d1,Miraidon / Zamazenta / Chien-Pao / Iron Treads / Iron Hands / Dragonite
135_calyrexshadow-zamazenta.txt,I1222,Motoki Agano,agano_pokemon,Battle Stadium S33,19th,1 Sep 2025,https://pokepast.es/d6e6c706e5b11e56,Calyrex-Shadow / Zamazenta / Indeedee-F / Raging Bolt / Ogerpon-Cornerstone / Rillaboom
136_calyrexice-incineroar.txt,I1225,Joji Kaieda,mihono_suica,Battle Stadium S33,1st,1 Sep 2025,https://pokepast.es/de2b6d9429cdcc17,Calyrex-Ice / Incineroar / Landorus / Koraidon / Rillaboom / Smeargle
137_calyrexshadow-rillaboom.txt,I1228,hyt192837,hyt192837,Battle Stadium S38,7th,31 Jan 2026,https://pokepast.es/972220d34a3ea136,Calyrex-Shadow / Rillaboom / Clefairy / Grimmsnarl / Incineroar / Miraidon
138_calyrexshadow-miraidon.txt,I1227,hyt192837,hyt192837,Battle Stadium S38,29th,31 Jan 2026,https://pokepast.es/e59a4678685b0e10,Calyrex-Shadow / Miraidon / Incineroar / Clefairy / Grimmsnarl / Urshifu-Rapid-Strike
139_zamazenta-calyrexshadow.txt,I1230,Atalanta,wandali11688951,Battle Stadium S39,76th,1 Mar 2026,https://pokepast.es/84ea5db0de109d2a,Zamazenta / Calyrex-Shadow / Rillaboom / Roaring Moon / Urshifu-Rapid-Strike / Maushold
140_lunala-koraidon.txt,I1231,Motoki Agano,agano_pokemon,Battle Stadium S39,5th,1 Mar 2026,https://pokepast.es/8a08160faa646282,Lunala / Koraidon / Ogerpon-Cornerstone / Jumpluff / Raging Bolt / Ursaluna
141_calyrexshadow-kyogre.txt,I1249,xx_z2z,xx_z2z,Battle Stadium S39,10th,1 Apr 2026,https://pokepast.es/f7326e7b3e896d9d,Calyrex-Shadow / Kyogre / Urshifu-Rapid-Strike / Rillaboom / Incineroar / Amoonguss
142_falinks-miraidon.txt,I1229,Atalanta,wandali11688951,Battle Stadium S39,76th,1 Mar 2026,https://pokepast.es/f7e1a671a3359805,Falinks / Miraidon / Calyrex-Ice / Volcarona / Rillaboom / Incineroar
143_rillaboom-smeargle.txt,I833,kurokonomii_963,kurokonomii_963,Blueberry Coliseum #2,-,30 Jun 2025,https://pokepast.es/a0d82ffd1053f1ca,Rillaboom / Smeargle / Kyogre / Volcarona / Raging Bolt / Calyrex-Shadow
144_miraidon-ironvaliant.txt,I835,Yoshikazu Sawane,mel_555_dw,Blueberry Coliseum #2,4th,29 Jun 2025,https://pokepast.es/d9092ae8db2ad082,Miraidon / Iron Valiant / Calyrex-Ice / Smeargle / Incineroar / Urshifu-Rapid-Strike
145_calyrexice-indeedeef.txt,I829,pyoko_ta_,pyoko_ta_,Blueberry Coliseum #2,-,29 Jun 2025,https://pokepast.es/ee47f247912b2e16,Calyrex-Ice / Indeedee-F / Lunala / Ursaluna-Bloodmoon / Urshifu-Rapid-Strike / Iron Hands
146_kyogre-calyrexice.txt,I837,Kiyoshiro Arai,jeraru1105,Blueberry Coliseum #2,Champion,29 Jun 2025,https://pokepast.es/f649aa6379e7c8d3,Kyogre / Calyrex-Ice / Rhyperior / Urshifu-Rapid-Strike / Amoonguss / Iron Jugulis
147_calyrexshadow-zamazenta.txt,I594,Fabio Ilari,Manual Entry,Bologna Special Event 2025,96th,1 Jun 2025,https://pokepast.es/1278174035184dbe,Calyrex-Shadow / Zamazenta / Raging Bolt / Incineroar / Clefairy / Rillaboom
148_incineroar-rillaboom.txt,I595,Matteo Ghisini,ghiso__,Bologna Special Event 2025,57th,4 Jun 2025,https://pokepast.es/37ffa9d06ef67c77,Incineroar / Rillaboom / Urshifu-Rapid-Strike / Lunala / Miraidon / Volcarona
149_calyrexshadow-miraidon.txt,I592,CrisRossi,crisrossivgc,Bologna Special Event 2025,332nd,2 Jun 2025,https://pokepast.es/4ced6b9a3c639208,Calyrex-Shadow / Miraidon / Iron Hands / Whimsicott / Urshifu-Rapid-Strike / Ogerpon-Cornerstone
150_koraidon-incineroar.txt,I604,Justin Cerioni,Byte_v24,Bologna Special Event 2025,14th,1 Jun 2025,https://pokepast.es/4d23971c85372f3a,Koraidon / Incineroar / Flutter Mane / Lunala / Rillaboom / Raging Bolt
152_miraidon-glimmora.txt,I596,Andrea Pagano,paghyvg,Bologna Special Event 2025,44th,2 Jun 2025,https://pokepast.es/779cdfc9122a9c55,Miraidon / Glimmora / Calyrex-Ice / Dondozo / Tatsugiri-Droopy / Iron Treads
153_miraidon-hooh.txt,I591,Ester Imperiale,a_gay_whale,Bologna Special Event 2025,333rd,2 Jun 2025,https://pokepast.es/88bc5ea61061f7ed,Miraidon / Ho-Oh / Landorus / Farigiraf / Iron Hands / Grimmsnarl
154_indeedeef-smeargle.txt,I590,anboxing,anboxing11,Bologna Special Event 2025,476th,3 Jun 2025,https://pokepast.es/b926881ea3b1a7ee,Indeedee-F / Smeargle / Urshifu / Calyrex-Ice / Lunala / Torkoal
155_farigiraf-miraidon.txt,I370,Koen van Cann,koon_ky,Crown Fight Tour #29,Champion,31 May 2025,https://pokepast.es/653bd8fe1ab93733,Farigiraf / Miraidon / Rayquaza / Chien-Pao / Iron Hands / Volcarona
156_calyrexshadow-urshifurapidstrike.txt,I224,月光仙子,Manual Entry,Druddigon Cup,4th,5 May 2025,https://pokepast.es/27d527418d9c15b1,Calyrex-Shadow / Urshifu-Rapid-Strike / Ogerpon-Cornerstone / Tornadus / Rillaboom / Zamazenta
157_calyrexice-miraidon.txt,I221,littlepak3,littlepak3,Druddigon Cup,7th,5 May 2025,https://pokepast.es/4746cd61c1539afa,Calyrex-Ice / Miraidon / Farigiraf / Iron Hands / Volcarona / Grimmsnarl
158_calyrexshadow-terapagos.txt,I219,Wayne Yu,yuwaynezobel,Druddigon Cup,10th,4 May 2025,https://pokepast.es/7f75c2341eb6d3e6,Calyrex-Shadow / Terapagos / Rillaboom / Urshifu-Rapid-Strike / Ogerpon-Cornerstone / Incineroar
159_groudon-lunala.txt,I228,Yuto Kimura,kim0227poke,El-Off,Top 16,4 May 2025,https://pokepast.es/558c449869104524,Groudon / Lunala / Jumpluff / Raging Bolt / Flutter Mane / Incineroar
160_rayquaza-calyrexshadow.txt,I1086,Yuto Kimura,kim0227poke,Ganyu Off,Champion,2 Aug 2025,https://pokepast.es/004887db711d6d0d,Rayquaza / Calyrex-Shadow / Tornadus / Smeargle / Urshifu-Rapid-Strike / Clefairy
161_calyrexshadow-koraidon.txt,I1084,sepal,sepal_calyx,Ganyu Off,4th,2 Aug 2025,https://pokepast.es/b1cf26631e70f937,Calyrex-Shadow / Koraidon / Indeedee-F / Incineroar / Iron Valiant / Walking Wake
163_miraidon-calyrexice.txt,I286,Yvar,yvarvgc,Grand Challenge #4 2025,35th,12 May 2025,https://pokepast.es/2abc746e64a9c7d5,Miraidon / Calyrex-Ice / Iron Hands / Urshifu / Flutter Mane / Chi-Yu
165_groudon-chiyu.txt,I285,jortchamp,jortchamp,Grand Challenge #4 2025,249th,12 May 2025,https://pokepast.es/82558295a06eea9e,Groudon / Chi-Yu / Sableye / Lunala / Brute Bonnet / Indeedee-F
166_smeargle-sableye.txt,I284,Lorenzo Arce,hamanvgc,Grand Challenge #4 2025,343rd,12 May 2025,https://pokepast.es/e3ab2a4051746862,Smeargle / Sableye / Terapagos / Zamazenta / Chi-Yu / Ditto
167_miraidon-whimsicott.txt,I283,mentalsyndrome,mentalsyndrome,Grand Challenge #4 2025,-,16 May 2025,https://pokepast.es/e5af3f955c20a67e,Miraidon / Whimsicott / Calyrex-Ice / Ursaluna / Armarouge / Raging Bolt
168_calyrexshadow-clefairy.txt,I575,Adrian Tang,kauVGC,Hong Kong MBL 2025,15th,1 Jun 2025,https://pokepast.es/145d7d4194ca8b19,Calyrex-Shadow / Clefairy / Grimmsnarl / Incineroar / Koraidon / Rillaboom
169_pelipper-urshifurapidstrike.txt,I586,Choi Yin Fung,fung5072,Hong Kong MBL 2025,4th,1 Jun 2025,https://pokepast.es/37960cc9cfccbf8b,Pelipper / Urshifu-Rapid-Strike / Miraidon / Incineroar / Iron Treads / Calyrex-Ice
171_terapagos-ogerponcornerstone.txt,I572,Tugi,tugiwastaken,Hong Kong MBL 2025,-,2 Jun 2025,https://pokepast.es/9f93a0f74286f876,Terapagos / Ogerpon-Cornerstone / Incineroar / Rillaboom / Calyrex-Shadow / Garganacl
172_grimmsnarl-zamazenta.txt,I587,mcqueen1919,mcqueen1919,Hong Kong MBL 2025,3rd,1 Jun 2025,https://pokepast.es/d0ce00488743406e,Grimmsnarl / Zamazenta / Miraidon / Iron Hands / Volcarona / Chien-Pao
174_calyrexshadow-zamazenta.txt,I573,Wayne Yu,yuwaynezobel,Hong Kong MBL 2025,18th,31 May 2025,https://pokepast.es/e8a2908daac7c4c9,Calyrex-Shadow / Zamazenta / Raging Bolt / Rillaboom / Dragonite / Ogerpon-Hearthflame
175_miraidon-rillaboom.txt,I588,Bingjie Wang,aotobj98,Hong Kong MBL 2025,Runner Up,1 Jun 2025,https://pokepast.es/f493fad71ceae2e3,Miraidon / Rillaboom / Incineroar / Calyrex-Ice / Annihilape / Urshifu
176_charizard-groudon.txt,I216,forumyia,forumyia,Kanazumi Off,Top 8,6 May 2025,https://pokepast.es/0279fdd3d2207809,Charizard / Groudon / Dialga-Origin / Lilligant-Hisui / Raging Bolt / Walking Wake
177_ragingbolt-groudon.txt,I360,Ryoma Okamoto,ryoma9901_poke,Kansai Off #2,Champion,18 May 2025,https://pokepast.es/233b521e9ea7732e,Raging Bolt / Groudon / Jumpluff / Calyrex-Shadow / Chi-Yu / Flutter Mane
178_hooh-miraidon.txt,I355,takeuif46,takeuif46,Kansai Off #2,-,18 May 2025,https://pokepast.es/99e79e6d30cb30ce,Ho-Oh / Miraidon / Iron Hands / Farigiraf / Ursaluna / Grimmsnarl
179_miraidon-lunala.txt,I357,PerishSongJP,usausaballon,Kansai Off #2,Top 8,18 May 2025,https://pokepast.es/a5c259cd7f307cd1,Miraidon / Lunala / Urshifu-Rapid-Strike / Ursaluna / Grimmsnarl / Incineroar
180_miraidon-calyrexice.txt,I715,Donguk Jung,dong67888,Korea PTC 2025,4th,11 Jun 2025,https://pokepast.es/202fd34654971140,Miraidon / Calyrex-Ice / Grimmsnarl / Incineroar / Amoonguss / Iron Treads
181_miraidon-grimmsnarl.txt,I716,Junhyuk Song,dizvgc,Korea PTC 2025,3rd,8 Jun 2025,https://pokepast.es/4d4d9b19182d8038,Miraidon / Grimmsnarl / Calyrex-Ice / Urshifu-Rapid-Strike / Incineroar / Ursaluna
182_miraidon-whimsicott.txt,I718,Taeseok Roe,Taeseok Roe,Korea PTC 2025,Champion,11 Jun 2025,https://pokepast.es/88294e8e2621b5eb,Miraidon / Whimsicott / Incineroar / Calyrex-Ice / Urshifu-Rapid-Strike / Landorus
183_incineroar-ogerponcornerstone.txt,I702,Seowon Kim,tsuyuvgc,Korea PTC 2025,21st,8 Jun 2025,https://pokepast.es/c3ddcc18ce2f2aeb,Incineroar / Ogerpon-Cornerstone / Rillaboom / Calyrex-Shadow / Flutter Mane / Terapagos
184_terapagos-calyrexshadow.txt,I709,Seongjae Jeong,nicky030526,Korea PTC 2025,10th,8 Jun 2025,https://pokepast.es/c97247f7653f8d63,Terapagos / Calyrex-Shadow / Incineroar / Rillaboom / Amoonguss / Urshifu-Rapid-Strike
185_calyrexshadow-koraidon.txt,I124,Atalanta,wandali11688951,Ladder Tour,5th,23 Apr 2025,https://pokepast.es/a7ecb25a221a7551,Calyrex-Shadow / Koraidon / Whimsicott / Clefairy / Walking Wake / Chien-Pao
186_bayleef-eternatus.txt,I505,mentalsyndrome,mentalsyndrome,League Cup,-,2 Jun 2025,https://pokepast.es/293badd8fcf448cd,Bayleef / Eternatus / Lugia / Smeargle / Muk-Alola / Grimmsnarl
189_miraidon-lunala.txt,I506,darkprincezack,darkprincezack,League Cup,Champion,1 Jun 2025,https://pokepast.es/3dd2099ea4e7cf47,Miraidon / Lunala / Rillaboom / Incineroar / Urshifu-Rapid-Strike / Grimmsnarl
190_ironboulder-kyogre.txt,I351,Brian Youm,playmakeryoum,League Cup,-,20 May 2025,https://pokepast.es/c9a7bc759e80feba,Iron Boulder / Kyogre / Miraidon / Brute Bonnet / Thundurus / Iron Valiant
192_terapagos-miraidon.txt,I808,Wayne Yu,yuwaynezobel,MasterEightHK Local,Top 4,28 Jun 2025,https://pokepast.es/13c390d70260015e,Terapagos / Miraidon / Sinistcha / Iron Treads / Incineroar / Urshifu-Rapid-Strike
193_koraidon-miraidon.txt,I807,Cheung Man Fung,tomcheung22,MasterEightHK Local,Top 8,29 Jun 2025,https://pokepast.es/ba9071f4bc322b20,Koraidon / Miraidon / Flutter Mane / Incineroar / Gothitelle / Scream Tail
194_koraidon-weezinggalar.txt,I404,Zachary Chia,soulknight117,Melbourne Regionals 2025,19th,19 May 2025,https://pokepast.es/10e9597164791f41,Koraidon / Weezing-Galar / Calyrex-Shadow / Chi-Yu / Brute Bonnet / Raging Bolt
195_calyrexice-lunala.txt,I401,Konnar Betts,that_bravado,Melbourne Regionals 2025,48th,29 May 2025,https://pokepast.es/2a1cede128303499,Calyrex-Ice / Lunala / Enamorus-Therian / Okidogi / Indeedee-F / Smeargle
196_calyrexshadow-zamazenta.txt,I416,Lewis Tan,multiboyvgc,Melbourne Regionals 2025,3rd,22 May 2025,https://pokepast.es/81de2fd2730df851,Calyrex-Shadow / Zamazenta / Incineroar / Rillaboom / Amoonguss / Urshifu
197_toedscruel-weezinggalar.txt,I403,Daniel Walker,cbetrs1,Melbourne Regionals 2025,23rd,26 May 2025,https://pokepast.es/a5125bca6a42a180,Toedscruel / Weezing-Galar / Porygon2 / Miraidon / Incineroar / Calyrex-Shadow
198_lunala-ursaluna.txt,I407,comediervgc,comediervgc,Melbourne Regionals 2025,12th,20 May 2025,https://pokepast.es/a89887c5ab6cb33e,Lunala / Ursaluna / Urshifu-Rapid-Strike / Miraidon / Grimmsnarl / Incineroar
199_weezinggalar-koraidon.txt,I418,Masayoshi Kuroo,f_kc56,Melbourne Regionals 2025,Champion,19 May 2025,https://pokepast.es/ccd5338336c1b2d3,Weezing-Galar / Koraidon / Walking Wake / Calyrex-Shadow / Chi-Yu / Incineroar
202_miraidon-zamazenta.txt,I987,Alberto Russo,ogrevgc,Milan Locals,9th,21 Jul 2025,https://pokepast.es/59410a15504653d5,Miraidon / Zamazenta / Chien-Pao / Volcarona / Incineroar / Amoonguss
203_grimmsnarl-hooh.txt,I237,Brandon Tuchtenhagen,wkotori_,Milwaukee Regionals 2025,249th,5 May 2025,https://pokepast.es/086dd5551c01b33b,Grimmsnarl / Ho-Oh / Miraidon / Incineroar / Sneasler / Ditto
205_koraidon-calyrexshadow.txt,I240,Ryan Loseto,SableyeVGC,Milwaukee Regionals 2025,82nd,5 May 2025,https://pokepast.es/1224aff843cdeafe,Koraidon / Calyrex-Shadow / Raging Bolt / Incineroar / Ogerpon-Cornerstone / Brute Bonnet
206_ditto-grimmsnarl.txt,I236,Justin Knox,45mice,Milwaukee Regionals 2025,-,4 May 2025,https://pokepast.es/197e8c024e446185,Ditto / Grimmsnarl / Zamazenta / Miraidon / Entei / Iron Leaves
207_calyrexshadow-miraidon.txt,I241,rob,rovbmc,Milwaukee Regionals 2025,80th,5 May 2025,https://pokepast.es/5a8b7d60f5e305dc,Calyrex-Shadow / Miraidon / Incineroar / Iron Hands / Whimsicott / Chi-Yu
208_calyrexshadow-terapagos.txt,I235,wilfredvgc,wilfredvgc,Milwaukee Regionals 2025,Top 8 (Seniors),4 May 2025,https://pokepast.es/799e90542edb0f6e,Calyrex-Shadow / Terapagos / Landorus / Roaring Moon / Ogerpon-Cornerstone / Volcarona
209_calyrexshadow-koraidon.txt,I349,Ian L.,Manual Entry,Milwaukee Regionals 2025,Champion (Seniors),22 May 2025,https://pokepast.es/876ff140b034812f,Calyrex-Shadow / Koraidon / Indeedee-F / Flutter Mane / Chi-Yu / Brute Bonnet
210_miraidon-hooh.txt,I263,Joey Pokeaim,JoeyPokeaim,Milwaukee Regionals 2025,6th,4 May 2025,https://pokepast.es/91001631ed92723f,Miraidon / Ho-Oh / Iron Treads / Farigiraf / Iron Bundle / Iron Hands
211_grimmsnarl-ironhands.txt,I260,Aditya Subramanian,adisubra,Milwaukee Regionals 2025,9th,4 May 2025,https://pokepast.es/a1323ab42d2353c6,Grimmsnarl / Iron Hands / Miraidon / Ho-Oh / Farigiraf / Ursaluna
212_koraidon-brutebonnet.txt,I242,Adrian Russo,adrianmarcusr27,Milwaukee Regionals 2025,63rd,8 May 2025,https://pokepast.es/c31cd2c7684bd04f,Koraidon / Brute Bonnet / Raging Bolt / Incineroar / Lunala / Flutter Mane
213_incineroar-grimmsnarl.txt,I247,Nicholas Borghi,Manual Entry,Milwaukee Regionals 2025,22nd,4 May 2025,https://pokepast.es/e9720280603e28d5,Incineroar / Grimmsnarl / Miraidon / Calyrex-Ice / Urshifu-Rapid-Strike / Ogerpon-Hearthflame
214_miraidon-hooh.txt,I239,Stephen Schmidt,thedoorstop_,Milwaukee Regionals 2025,108th,4 May 2025,https://pokepast.es/f068c77c5e142536,Miraidon / Ho-Oh / Farigiraf / Iron Treads / Iron Hands / Iron Bundle
215_koraidon-calyrexshadow.txt,I73,Shintaro Amemiya,rirunnpapa,Mumemo Ladder Tour,11th,14 Apr 2025,https://pokepast.es/53b8e141fc1597c8,Koraidon / Calyrex-Shadow / Walking Wake / Ditto / Amoonguss / Indeedee-F
216_miraidon-calyrexice.txt,I78,Yuta Ishigaki,BTrickroomZ,Mumemo Ladder Tour,7th,11 Apr 2025,https://pokepast.es/76846614736dd0ab,Miraidon / Calyrex-Ice / Iron Valiant / Volcarona / Urshifu-Rapid-Strike / Farigiraf
217_lunala-koraidon.txt,I83,Atalanta,wandali11688951,Mumemo Ladder Tour,3rd,17 Apr 2025,https://pokepast.es/ef6920d4f30db897,Lunala / Koraidon / Flutter Mane / Indeedee-F / Ogerpon-Cornerstone / Chi-Yu
218_whimsicott-calyrexshadow.txt,I765,Masahiro Ito,gahaku_poke,NAIC 2025,115th,15 Jun 2025,https://pokepast.es/0e0c5bb3c8fee4cd,Whimsicott / Calyrex-Shadow / Miraidon / Iron Hands / Chi-Yu / Farigiraf
219_landorus-okidogi.txt,I772,Fiona Szymkiewicz,yoshiandlugia,NAIC 2025,76th,15 Jun 2025,https://pokepast.es/2402673f032e6a69,Landorus / Okidogi / Ogerpon-Wellspring / Calyrex-Ice / Miraidon / Incineroar
220_miraidon-calyrexice.txt,I760,Kshaunish Shaik,twilite0,NAIC 2025,208th,17 Jun 2025,https://pokepast.es/2bffdbe73644dbf0,Miraidon / Calyrex-Ice / Iron Hands / Farigiraf / Chi-Yu / Ogerpon-Cornerstone
221_ironjugulis-kyogre.txt,I759,Jermaine Mcleod,pokemaineevent,NAIC 2025,288th,16 Jun 2025,https://pokepast.es/2cf94f6c6b08130d,Iron Jugulis / Kyogre / Zamazenta / Urshifu-Rapid-Strike / Amoonguss / Chien-Pao
222_volcarona-ironhands.txt,I754,Wyatt McDonald,wyatvgc,NAIC 2025,456th,15 Jun 2025,https://pokepast.es/2f5d5c43e9333b74,Volcarona / Iron Hands / Grimmsnarl / Zamazenta / Chien-Pao / Miraidon
223_koraidon-scovillain.txt,I758,Michael Zhang,eternalsnowman,NAIC 2025,229th,15 Jun 2025,https://pokepast.es/3f6ce740548201e3,Koraidon / Scovillain / Miraidon / Chesnaught / Clefairy / Indeedee-F
224_grimmsnarl-miraidon.txt,I775,Ezequiel Cordero,zekromzeke,NAIC 2025,63rd,15 Jun 2025,https://pokepast.es/471db5ad6ebfbd9f,Grimmsnarl / Miraidon / Rillaboom / Incineroar / Calyrex-Ice / Annihilape
225_annihilape-calyrexice.txt,I764,Jared Richardson,javincivgc,NAIC 2025,151st,16 Jun 2025,https://pokepast.es/539a12e683d721c7,Annihilape / Calyrex-Ice / Miraidon / Incineroar / Urshifu / Rillaboom
227_calyrexice-miraidon.txt,I774,Patrick Connors,pat_con5,NAIC 2025,68th,15 Jun 2025,https://pokepast.es/62b55a2e64310531,Calyrex-Ice / Miraidon / Incineroar / Amoonguss / Chien-Pao / Iron Treads
228_bastiodon-miraidon.txt,I756,mentalsyndrome,mentalsyndrome,NAIC 2025,302nd,15 Jun 2025,https://pokepast.es/63443a882b3809a3,Bastiodon / Miraidon / Calyrex-Shadow / Urshifu-Rapid-Strike / Incineroar / Whimsicott
230_koraidon-calyrexshadow.txt,I763,Zhang Zhe,hupumetapod,NAIC 2025,171st,15 Jun 2025,https://pokepast.es/66c6bb6286b5d0f4,Koraidon / Calyrex-Shadow / Weezing-Galar / Chien-Pao / Walking Wake / Brute Bonnet
231_koraidon-incineroar.txt,I753,Noah Smith,noahjamessmith,NAIC 2025,654th,15 Jun 2025,https://pokepast.es/6a93be48e347fb28,Koraidon / Incineroar / Volcarona / Flutter Mane / Lunala / Rillaboom
232_miraidon-calyrexice.txt,I761,Xavier Tindall,nintindall64,NAIC 2025,190th,16 Jun 2025,https://pokepast.es/6dc7567c52e3e3d3,Miraidon / Calyrex-Ice / Iron Hands / Farigiraf / Landorus / Whimsicott
233_terapagos-calyrexshadow.txt,I771,Santino Tarquinio,supahsanti,NAIC 2025,89th,16 Jun 2025,https://pokepast.es/73154d7b5fab9467,Terapagos / Calyrex-Shadow / Incineroar / Rillaboom / Flutter Mane / Amoonguss
234_miraidon-ragingbolt.txt,I777,Brian Fournier,azunkurone,NAIC 2025,54th,15 Jun 2025,https://pokepast.es/7df06ab593831319,Miraidon / Raging Bolt / Whimsicott / Iron Bundle / Groudon / Farigiraf
236_volcarona-ironhands.txt,I776,Shane Gaffney,ddyarados,NAIC 2025,57th,15 Jun 2025,https://pokepast.es/9df83dab5ef66982,Volcarona / Iron Hands / Miraidon / Grimmsnarl / Calyrex-Ice / Farigiraf
237_zamazenta-chienpao.txt,I762,Navjit Joshi,isastarter,NAIC 2025,187th,15 Jun 2025,https://pokepast.es/ac60c36e4f9545b8,Zamazenta / Chien-Pao / Calyrex-Shadow / Raging Bolt / Rillaboom / Ogerpon-Hearthflame
239_miraidon-calyrexice.txt,I800,Kazuki Kobayashi,sharuku_6242,NAIC 2025,3rd,15 Jun 2025,https://pokepast.es/b2c2fd8b0038c814,Miraidon / Calyrex-Ice / Incineroar / Landorus / Urshifu-Rapid-Strike / Farigiraf
240_calyrexice-incineroar.txt,I779,Ernesto Verdugo,verdughostvgc,NAIC 2025,32nd,15 Jun 2025,https://pokepast.es/ccf2d118952ce674,Calyrex-Ice / Incineroar / Rillaboom / Amoonguss / Kyogre / Raging Bolt
241_miraidon-zamazenta.txt,I780,Shohei Kimura,zeen172m,NAIC 2025,28th,15 Jun 2025,https://pokepast.es/cff1a231c2dadc6c,Miraidon / Zamazenta / Chien-Pao / Iron Hands / Farigiraf / Whimsicott
242_incineroar-rillaboom.txt,I793,Justin Knox,45mice,NAIC 2025,10th,15 Jun 2025,https://pokepast.es/d090ad5faa576663,Incineroar / Rillaboom / Miraidon / Grimmsnarl / Ogerpon-Wellspring / Lunala
243_kyogre-volcarona.txt,I769,Henry Rich,hobbitvgc,NAIC 2025,101st,15 Jun 2025,https://pokepast.es/d72a9d8461f2fea6,Kyogre / Volcarona / Rillaboom / Whimsicott / Chien-Pao / Giratina-Origin
244_miraidon-calyrexshadow.txt,I770,Ben Emerzian,nyphus,NAIC 2025,94th,14 Jun 2025,https://pokepast.es/e82bfdabb11fab7e,Miraidon / Calyrex-Shadow / Incineroar / Iron Moth / Iron Bundle / Iron Hands
245_calyrexshadow-weezinggalar.txt,I752,AverageGh0st,averagegh0st16,NAIC 2025,-,16 Jun 2025,https://pokepast.es/ec21fee4acc8872f,Calyrex-Shadow / Weezing-Galar / Koraidon / Brute Bonnet / Chi-Yu / Walking Wake
246_calyrexshadow-terapagos.txt,I766,Matt Bruno,bruneaux,NAIC 2025,114th,15 Jun 2025,https://pokepast.es/f09da0f3ba3f3c01,Calyrex-Shadow / Terapagos / Iron Hands / Chi-Yu / Smeargle / Whimsicott
247_gougingfire-ragingbolt.txt,I822,Austin Litofsky,tofskyvgc,NAIC 2025,265th,17 Jun 2025,https://pokepast.es/f351263c71b99596,Gouging Fire / Raging Bolt / Groudon / Lilligant-Hisui / Lunala / Grimmsnarl
248_koraidon-terapagos.txt,I750,Joaquin R.,joro43210625,NAIC 2025 (Juniors),Champion,16 Jun 2025,https://pokepast.es/bcbfe1fd556d0779,Koraidon / Terapagos / Flutter Mane / Rillaboom / Incineroar / Volcarona
249_calyrexshadow-zamazenta.txt,I751,Conner P.,conner138382472,NAIC 2025 (Seniors),Top 4,16 Jun 2025,https://pokepast.es/a5306117e1710c40,Calyrex-Shadow / Zamazenta / Chien-Pao / Ogerpon-Hearthflame / Whimsicott / Raging Bolt
250_whimsicott-miraidon.txt,I988,Adrien Hurley,coldinglight,New England 2025 Invitational,Runner Up,20 Jul 2025,https://pokepast.es/2b0801b47c3b8758,Whimsicott / Miraidon / Raging Bolt / Chi-Yu / Koraidon / Flutter Mane
251_calyrexshadow-miraidon.txt,I994,chrome,chrome_pokemon,Niigata Off,Top 8,26 Jul 2025,https://pokepast.es/69c6280d7c00d620,Calyrex-Shadow / Miraidon / Chi-Yu / Incineroar / Whimsicott / Iron Hands
253_fluttermane-rillaboom.txt,I1262,Ian R.,coolguy14604,Orlando Regional 2026,8th (Seniors),6 Apr 2026,https://pokepast.es/2581bc326f21fb1b,Flutter Mane / Rillaboom / Koraidon / Clefairy / Incineroar / Calyrex-Shadow
254_koraidon-landorus.txt,I1277,Paul Chua,paul_chua_,Orlando Regional 2026,4th,7 Apr 2026,https://pokepast.es/32856bc103e2d8a7,Koraidon / Landorus / Incineroar / Rillaboom / Calyrex-Ice / Smeargle
255_koraidon-lunala.txt,I1270,Brian Youm,PlaymakerYoum,Orlando Regional 2026,11th,6 Apr 2026,https://pokepast.es/3baa9830714d2a2d,Koraidon / Lunala / Brute Bonnet / Ursaluna / Chi-Yu / Flutter Mane
256_miraidon-lunala.txt,I1266,Evan Otto,shdwemp,Orlando Regional 2026,64th,6 Apr 2026,https://pokepast.es/572ba0b836adf1d7,Miraidon / Lunala / Whimsicott / Incineroar / Urshifu-Rapid-Strike / Ursaluna
257_miraidon-zamazenta.txt,I1263,Joaquin R.,Jrassicvgc,Orlando Regional 2026,Runner Up (Seniors),6 Apr 2026,https://pokepast.es/6000d432ef9bf5ea,Miraidon / Zamazenta / Iron Bundle / Ogerpon-Hearthflame / Farigiraf / Ursaluna-Bloodmoon
258_grimmsnarl-miraidon.txt,I1264,Justin Knox,45mice,Orlando Regional 2026,,6 Apr 2026,https://pokepast.es/c13cb6814dc50d14,Grimmsnarl / Miraidon / Calyrex-Ice / Ditto / Incineroar / Ogerpon-Wellspring
259_calyrexshadow-groudon.txt,I1268,Carson Confer,CarsonConfer,Orlando Regional 2026,20th,6 Apr 2026,https://pokepast.es/d580fdced4f4c481,Calyrex-Shadow / Groudon / Jumpluff / Chi-Yu / Brute Bonnet / Iron Treads
260_calyrexice-miraidon.txt,I1267,Cary D’Ortona,MimikyuFool,Orlando Regional 2026,21st,6 Apr 2026,https://pokepast.es/e363ec51d5f53cc5,Calyrex-Ice / Miraidon / Iron Hands / Ogerpon-Cornerstone / Farigiraf / Iron Bundle
261_lunala-koraidon.txt,I144,madogiwagame,madogiwagame,PiyoLily Cup #25,5th,27 Apr 2025,https://pokepast.es/45abf78eb5b6b6f4,Lunala / Koraidon / Indeedee-F / Ogerpon-Hearthflame / Flutter Mane / Roaring Moon
262_calyrexshadow-miraidon.txt,I812,onumera_poke,onumera_poke,PiyoLily Cup #27,1st,1 Jul 2025,https://pokepast.es/3646ce427271137e,Calyrex-Shadow / Miraidon / Rillaboom / Incineroar / Clefairy / Smeargle
264_ironjugulis-miraidon.txt,I126,Sanghyeon Na,nashvgc,PiyoLily Ladder Tour,45th,24 Apr 2025,https://pokepast.es/28a02c4291f42dc8,Iron Jugulis / Miraidon / Ursaluna / Palkia / Iron Moth / Ogerpon-Cornerstone
265_calyrexice-ironhands.txt,I821,Katsuhiko Minami,poke_minamin,PJCS 2025,13th,23 Jun 2025,https://pokepast.es/05a45241270b1e37,Calyrex-Ice / Iron Hands / Ogerpon-Cornerstone / Miraidon / Volcarona / Grimmsnarl
266_miraidon-lunala.txt,I815,mikan710710,mikan710710,PJCS 2025,Runner Up (Seniors),23 Jun 2025,https://pokepast.es/077dbd96a80a420b,Miraidon / Lunala / Incineroar / Rillaboom / Urshifu-Rapid-Strike / Volcarona
267_lunala-smeargle.txt,I720,masaaa_poke,masaaa_poke,PJCS 2025,-,21 Jun 2025,https://pokepast.es/10178cd6bdecd40a,Lunala / Smeargle / Muk-Alola / Flamigo / Iron Valiant / Ho-Oh
268_tinglu-calyrexshadow.txt,I820,Shohei Asakura,ir_poke,PJCS 2025,25th,28 Jun 2025,https://pokepast.es/167a853a94628ecb,Ting-Lu / Calyrex-Shadow / Zamazenta / Chien-Pao / Amoonguss / Raging Bolt
269_miraidon-groudon.txt,I741,kkkk_poke,kkkk_poke,PJCS 2025,9th,21 Jun 2025,https://pokepast.es/1aea3d3b5c126646,Miraidon / Groudon / Grimmsnarl / Volcarona / Incineroar / Whimsicott
270_calyrexice-miraidon.txt,I727,Dango370,dango370,PJCS 2025,-,21 Jun 2025,https://pokepast.es/1b4d60bf0baf9d4c,Calyrex-Ice / Miraidon / Grimmsnarl / Urshifu-Rapid-Strike / Incineroar / Landorus
271_incineroar-calyrexice.txt,I728,Hirofumi Kimura,hirosipoke,PJCS 2025,-,21 Jun 2025,https://pokepast.es/2a716407c8efced4,Incineroar / Calyrex-Ice / Amoonguss / Groudon / Flutter Mane / Raging Bolt
272_zamazenta-miraidon.txt,I817,wilbellsendai,wilbellsendai,PJCS 2025,-,23 Jun 2025,https://pokepast.es/3af357cbe678923f,Zamazenta / Miraidon / Incineroar / Amoonguss / Volcarona / Grimmsnarl
273_koraidon-calyrexshadow.txt,I731,Pokemon_8989,Pokemon_8989,PJCS 2025,-,21 Jun 2025,https://pokepast.es/41a3259337c0ca59,Koraidon / Calyrex-Shadow / Smeargle / Rillaboom / Ogerpon-Cornerstone / Tornadus
274_calyrexice-kyogre.txt,I747,Haruki Sato,Newcon8,PJCS 2025,3rd,21 Jun 2025,https://pokepast.es/484ae68f916ace34,Calyrex-Ice / Kyogre / Smeargle / Farigiraf / Maushold / Volcarona
275_calyrexshadow-miraidon.txt,I726,Q,q_vgc_poke0306,PJCS 2025,-,21 Jun 2025,https://pokepast.es/4bfb936df4f622cc,Calyrex-Shadow / Miraidon / Volcarona / Ursaluna / Incineroar / Grimmsnarl
276_calyrexice-kyogre.txt,I724,VaVaVa,vavava_vgc,PJCS 2025,-,21 Jun 2025,https://pokepast.es/6cf643f515f3d7dc,Calyrex-Ice / Kyogre / Incineroar / Rillaboom / Overqwil / Grimmsnarl
277_miraidon-farigiraf.txt,I723,SwapDogVGC,swapdogvgc,PJCS 2025,-,21 Jun 2025,https://pokepast.es/7501042b4c8e4c01,Miraidon / Farigiraf / Calyrex-Ice / Magmar / Urshifu-Rapid-Strike / Smeargle
278_miraidon-fluttermane.txt,I729,poke_un_change,poke_un_change,PJCS 2025,-,21 Jun 2025,https://pokepast.es/86f12671d86c2708,Miraidon / Flutter Mane / Groudon / Urshifu / Walking Wake / Incineroar
279_calyrexice-landorus.txt,I721,tapeudon,Tapeudon,PJCS 2025,-,21 Jun 2025,https://pokepast.es/8bafe3846a3636be,Calyrex-Ice / Landorus / Urshifu-Rapid-Strike / Miraidon / Grimmsnarl / Incineroar
280_miraidon-groudon.txt,I738,Ryoma Okamoto,ryoma9901_poke,PJCS 2025,13th,21 Jun 2025,https://pokepast.es/8f95a99ce2727d0c,Miraidon / Groudon / Whimsicott / Volcarona / Incineroar / Chien-Pao
281_calyrexice-kyogre.txt,I719,Yuta Ishigaki,btrickroomz,PJCS 2025,-,21 Jun 2025,https://pokepast.es/918c19d036143b1d,Calyrex-Ice / Kyogre / Incineroar / Rillaboom / Urshifu-Rapid-Strike / Volcarona
282_calyrexshadow-zamazenta.txt,I814,genkides_poke,genkides_poke,PJCS 2025,3rd (Seniors),23 Jun 2025,https://pokepast.es/a0cf65ebe6fb2cc6,Calyrex-Shadow / Zamazenta / Urshifu-Rapid-Strike / Iron Treads / Tornadus / Indeedee-F
283_miraidon-calyrexice.txt,I739,Naoto Kishida,chan_naaa_chan,PJCS 2025,Top 16,21 Jun 2025,https://pokepast.es/b775d12786dcc810,Miraidon / Calyrex-Ice / Incineroar / Rillaboom / Urshifu-Rapid-Strike / Annihilape
284_groudon-miraidon.txt,I818,Mao Harada,sasisu_memo,PJCS 2025,-,24 Jun 2025,https://pokepast.es/b9a41f007a09207d,Groudon / Miraidon / Grimmsnarl / Volcarona / Incineroar / Ditto
285_calyrexshadow-zamazenta.txt,I749,Yuma Kinugawa,kinurincipall,PJCS 2025,Champion,21 Jun 2025,https://pokepast.es/c0c48c7544b895f4,Calyrex-Shadow / Zamazenta / Raging Bolt / Rillaboom / Tornadus / Smeargle
286_miraidon-chienpao.txt,I740,Wang Yuxiang,sg_toumakazusa,PJCS 2025,Top 16,21 Jun 2025,https://pokepast.es/cd631280b61b79e9,Miraidon / Chien-Pao / Zamazenta / Cresselia / Ursaluna / Volcarona
287_calyrexice-kyogre.txt,I725,yuricha_yuiri,yuricha_yuiri,PJCS 2025,-,21 Jun 2025,https://pokepast.es/d12f8c4b1ee1502a,Calyrex-Ice / Kyogre / Urshifu-Rapid-Strike / Rillaboom / Amoonguss / Indeedee-F
288_kyogre-fluttermane.txt,I742,Hidetsuna Shimizu,tuna_pokemon,PJCS 2025,Top 8,21 Jun 2025,https://pokepast.es/e5c3ca7f4bd5a2fb,Kyogre / Flutter Mane / Urshifu-Rapid-Strike / Landorus / Smeargle / Calyrex-Ice
291_whimsicott-miraidon.txt,I339,qdf11gvsbu60242,qdf11gvsbu60242,PJCS Qualifier 2025,Peak 21st,11 May 2025,https://pokepast.es/138b18d845977cf0,Whimsicott / Miraidon / Calyrex-Ice / Farigiraf / Urshifu-Rapid-Strike / Iron Hands
292_calyrexice-hooh.txt,I299,coo_sleep_talk,coo_sleep_talk,PJCS Qualifier 2025,-,10 May 2025,https://pokepast.es/184b48d6fa511878,Calyrex-Ice / Ho-Oh / Iron Valiant / Ting-Lu / Toxapex / Glimmora
293_calyrexshadow-zamazenta.txt,I296,spy_anya11,spy_anya11,PJCS Qualifier 2025,-,11 May 2025,https://pokepast.es/27667567cfd8a7fd,Calyrex-Shadow / Zamazenta / Chien-Pao / Raging Bolt / Rillaboom / Amoonguss
294_grimmsnarl-miraidon.txt,I306,Kandai Nagatome,sdlnfo,PJCS Qualifier 2025,-,11 May 2025,https://pokepast.es/28821dd33e682894,Grimmsnarl / Miraidon / Calyrex-Ice / Incineroar / Ursaluna / Urshifu-Rapid-Strike
295_calyrexice-miraidon.txt,I334,Naoto Kishida,chan_naaa_chan,PJCS Qualifier 2025,33rd,12 May 2025,https://pokepast.es/2f1cd81e4d7cc29f,Calyrex-Ice / Miraidon / Incineroar / Grimmsnarl / Amoonguss / Urshifu-Rapid-Strike
296_koraidon-lunala.txt,I287,lo9,lo9,PJCS Qualifier 2025,11th (Seniors),11 May 2025,https://pokepast.es/35e7c032300361fe,Koraidon / Lunala / Flutter Mane / Indeedee-F / Ursaluna / Brute Bonnet
298_zamazenta-kyogre.txt,I321,Aki Shibuya,shuuka_poke,PJCS Qualifier 2025,117th,17 May 2025,https://pokepast.es/4380899556dd9e0b,Zamazenta / Kyogre / Flutter Mane / Chien-Pao / Urshifu / Rillaboom
299_lunala-groudon.txt,I336,zero,zezerozero,PJCS Qualifier 2025,26th,14 May 2025,https://pokepast.es/4bd6854d45295a89,Lunala / Groudon / Whimsicott / Raging Bolt / Entei / Kingambit
300_kyogre-calyrexice.txt,I636,hampoke79813,hampoke79813,PJCS Qualifier 2025,19th,21 Jun 2025,https://pokepast.es/52e0981ace669f0b,Kyogre / Calyrex-Ice / Incineroar / Basculegion / Rillaboom / Amoonguss
301_miraidon-calyrexice.txt,I309,Tomohiro Seki,bicho_5296,PJCS Qualifier 2025,-,11 May 2025,https://pokepast.es/571bd9240f0fe3d8,Miraidon / Calyrex-Ice / Landorus / Volcarona / Sinistcha / Grimmsnarl
302_miraidon-lunala.txt,I332,masaaa_poke,masaaa_poke,PJCS Qualifier 2025,Peak 48th,11 May 2025,https://pokepast.es/5af29e50ef0bfb97,Miraidon / Lunala / Grimmsnarl / Ursaluna / Urshifu-Rapid-Strike / Incineroar
303_calyrexice-incineroar.txt,I315,Hijito Kihara,dodoriosiriru,PJCS Qualifier 2025,Peak 260th,11 May 2025,https://pokepast.es/61a8a00a60728f89,Calyrex-Ice / Incineroar / Annihilape / Terapagos / Raging Bolt / Whimsicott
304_chiyu-weezinggalar.txt,I340,Hiroshi Onishi,cona_5757,PJCS Qualifier 2025,20th,11 May 2025,https://pokepast.es/66e535550d6b22bc,Chi-Yu / Weezing-Galar / Walking Wake / Calyrex-Shadow / Brute Bonnet / Koraidon
305_whimsicott-terapagos.txt,I304,Yosuke Takayanagi,yanagit_poke,PJCS Qualifier 2025,-,11 May 2025,https://pokepast.es/67bcf612135f3217,Whimsicott / Terapagos / Calyrex-Shadow / Iron Valiant / Ogerpon-Cornerstone / Brute Bonnet
306_lunala-chiyu.txt,I292,Shuji ENDO,cycleshop_i,PJCS Qualifier 2025,-,10 May 2025,https://pokepast.es/6c4b01ad53c16790,Lunala / Chi-Yu / Koraidon / Brute Bonnet / Flutter Mane / Ursaluna
307_calyrexice-miraidon.txt,I294,pikaso,pikaso_poke,PJCS Qualifier 2025,-,10 May 2025,https://pokepast.es/72c88801aeb4dbf7,Calyrex-Ice / Miraidon / Rillaboom / Incineroar / Mandibuzz / Glimmora
308_zamazenta-kyogre.txt,I295,sepal,sepal_calyx,PJCS Qualifier 2025,-,11 May 2025,https://pokepast.es/7352b4a7d9304654,Zamazenta / Kyogre / Sinistcha / Incineroar / Urshifu / Ting-Lu
309_miraidon-calyrexice.txt,I314,Motoki Agano,agano_pokemon,PJCS Qualifier 2025,274th,12 May 2025,https://pokepast.es/787c573b72ca58b3,Miraidon / Calyrex-Ice / Urshifu / Oranguru / Flamigo / Rabsca
310_lunala-kyogre.txt,I301,shikabane,shikabane_chann,PJCS Qualifier 2025,-,11 May 2025,https://pokepast.es/7be5d64748b5f0ca,Lunala / Kyogre / Indeedee-F / Brute Bonnet / Urshifu-Rapid-Strike / Iron Hands
311_calyrexice-miraidon.txt,I302,midori_poke,midori_poke,PJCS Qualifier 2025,-,11 May 2025,https://pokepast.es/7d5f531da922f9a2,Calyrex-Ice / Miraidon / Ursaluna / Volcarona / Annihilape / Grimmsnarl
312_miraidon-hooh.txt,I298,kabimaru46,kabimaru46,PJCS Qualifier 2025,-,11 May 2025,https://pokepast.es/7f85981e6da22fc2,Miraidon / Ho-Oh / Grimmsnarl / Ursaluna / Sinistcha / Sneasler
313_groudon-miraidon.txt,I337,Ryoma Okamoto,ryoma9901_poke,PJCS Qualifier 2025,25th,16 May 2025,https://pokepast.es/8b8dd4e9881a665c,Groudon / Miraidon / Volcarona / Urshifu / Flutter Mane / Grimmsnarl
314_calyrexshadow-zamazenta.txt,I507,yuuki,yuuki_poke_,PJCS Qualifier 2025,42nd,1 Jun 2025,https://pokepast.es/8ff5801e97a4dc62,Calyrex-Shadow / Zamazenta / Ogerpon / Ting-Lu / Dondozo / Glimmora
315_calyrexshadow-rillaboom.txt,I313,vi0ra_pokemon,vi0ra_pokemon,PJCS Qualifier 2025,Peak 340th,11 May 2025,https://pokepast.es/937ec3433e2816eb,Calyrex-Shadow / Rillaboom / Incineroar / Amoonguss / Terapagos / Urshifu-Rapid-Strike
316_calyrexice-landorus.txt,I308,PerishSongJP,usausaballon,PJCS Qualifier 2025,-,12 May 2025,https://pokepast.es/94ff7d4acc02f92e,Calyrex-Ice / Landorus / Urshifu / Whimsicott / Ogerpon-Cornerstone / Miraidon
317_hooh-overqwil.txt,I331,nadeshiko_2025,nadeshiko_2025,PJCS Qualifier 2025,Peak 49th,10 May 2025,https://pokepast.es/992c5c84c2dbd27e,Ho-Oh / Overqwil / Ting-Lu / Ogerpon-Wellspring / Rillaboom / Calyrex-Ice
319_miraidon-zamazenta.txt,I320,Ren Kotorii,lonphop,PJCS Qualifier 2025,134th,14 May 2025,https://pokepast.es/9ed41983b00ba0db,Miraidon / Zamazenta / Chien-Pao / Grimmsnarl / Ting-Lu / Amoonguss
320_zamazenta-chienpao.txt,I312,Toranseru,toranseru_poke,PJCS Qualifier 2025,361st,12 May 2025,https://pokepast.es/afc3dc9175070c3a,Zamazenta / Chien-Pao / Calyrex-Shadow / Tornadus / Ting-Lu / Urshifu-Rapid-Strike
321_miraidon-lunala.txt,I307,Tomoki Goto,gototapufinivgc,PJCS Qualifier 2025,-,11 May 2025,https://pokepast.es/b01bfa7df710658b,Miraidon / Lunala / Whimsicott / Urshifu-Rapid-Strike / Farigiraf / Ursaluna
322_calyrexshadow-lunala.txt,I297,Kou,kououp,PJCS Qualifier 2025,-,10 May 2025,https://pokepast.es/b502a2198b5d1dcc,Calyrex-Shadow / Lunala / Incineroar / Urshifu-Rapid-Strike / Rillaboom / Ting-Lu
323_calyrexshadow-indeedee.txt,I290,takoyaki,8989takoyaki,PJCS Qualifier 2025,-,10 May 2025,https://pokepast.es/c6cda50ac2a315a6,Calyrex-Shadow / Indeedee / Urshifu-Rapid-Strike / Whimsicott / Tsareena / Kyogre
324_miraidon-calyrexshadow.txt,I347,yojyosyugi,yojyosyugi,PJCS Qualifier 2025,-,19 May 2025,https://pokepast.es/c928e8ce59988e07,Miraidon / Calyrex-Shadow / Iron Bundle / Iron Hands / Farigiraf / Regieleki
325_miraidon-calyrexshadow.txt,I293,yojyosyugi,yojyosyugi,PJCS Qualifier 2025,-,10 May 2025,https://pokepast.es/d1b945f4af2097b9,Miraidon / Calyrex-Shadow / Iron Bundle / Iron Hands / Farigiraf / Regieleki
326_calyrexice-kyogre.txt,I335,Yuta Ishigaki,btrickroomz,PJCS Qualifier 2025,31st,11 May 2025,https://pokepast.es/d439205671e6baff,Calyrex-Ice / Kyogre / Iron Jugulis / Urshifu-Rapid-Strike / Rhyperior / Amoonguss
327_kyogre-calyrexice.txt,I637,kogepan,kogepannachan,PJCS Qualifier 2025,1st,21 Jun 2025,https://pokepast.es/d748acc44b7e5417,Kyogre / Calyrex-Ice / Incineroar / Amoonguss / Raging Bolt / Iron Treads
328_lunala-calyrexice.txt,I316,Tomonori Aoi,acethnic,PJCS Qualifier 2025,212th,14 May 2025,https://pokepast.es/d92bbcaf3f1c6082,Lunala / Calyrex-Ice / Indeedee-F / Ursaluna / Urshifu-Rapid-Strike / Torkoal
329_calyrexshadow-chiyu.txt,I289,Tomoyuki Yoshimura,blueyossi,PJCS Qualifier 2025,-,10 May 2025,https://pokepast.es/e5315e57c0833276,Calyrex-Shadow / Chi-Yu / Chien-Pao / Zamazenta / Rillaboom / Amoonguss
330_lunala-koraidon.txt,I311,pikachu_282,pikachu_282,PJCS Qualifier 2025,-,15 May 2025,https://pokepast.es/e6a8faf55fa3b26f,Lunala / Koraidon / Incineroar / Thundurus / Landorus-Therian / Flutter Mane
331_calyrexice-necrozmadawnwings.txt,I318,sokiu,_sokiu,PJCS Qualifier 2025,166th,12 May 2025,https://pokepast.es/eb23fb3ff48add31,Calyrex-Ice / Necrozma-Dawn-Wings / Indeedee-F / Alcremie / Gallade / Ursaluna
333_miraidon-hooh.txt,I338,tsubasa_poke999,tsubasa_poke999,PJCS Qualifier 2025,Peak 24th,11 May 2025,https://pokepast.es/f585afd69ffbdab2,Miraidon / Ho-Oh / Urshifu-Rapid-Strike / Ditto / Whimsicott / Iron Hands
334_calyrexshadow-incineroar.txt,I310,araquanid_mpk,araquanid_mpk,PJCS Qualifier 2025,-,11 May 2025,https://pokepast.es/f7860e188f22051a,Calyrex-Shadow / Incineroar / Koraidon / Grimmsnarl / Flutter Mane / Clefairy
335_calyrexshadow-zamazenta.txt,I288,ne5884708,ne5884708,PJCS Qualifier 2025,-,10 May 2025,https://pokepast.es/fa0193b86d0342bd,Calyrex-Shadow / Zamazenta / Chien-Pao / Raging Bolt / Amoonguss / Rillaboom
336_calyrexice-groudon.txt,I1088,slothdiesel,slothdiesel,Portland Off Season Showdown,Champion,4 Aug 2025,https://pokepast.es/06cc40d4679cd56c,Calyrex-Ice / Groudon / Raging Bolt / Smeargle / Flutter Mane / Chi-Yu
337_calyrexshadow-chienpao.txt,I485,Emilio Forbes,gazemilyy,Portland Regionals 2025,13th,26 May 2025,https://pokepast.es/3c69e43f1a7d8064,Calyrex-Shadow / Chien-Pao / Ogerpon-Cornerstone / Zamazenta / Amoonguss / Raging Bolt
338_koraidon-calyrexshadow.txt,I496,Zhang Zhe,hupumetapod,Portland Regionals 2025,Runner Up,26 May 2025,https://pokepast.es/56aaecb44f44c6b1,Koraidon / Calyrex-Shadow / Weezing-Galar / Chi-Yu / Walking Wake / Brute Bonnet
339_koraidon-calyrexice.txt,I468,Tayson,tycaniest,Portland Regionals 2025,193rd,25 May 2025,https://pokepast.es/5f4fb5faafa1c503,Koraidon / Calyrex-Ice / Flutter Mane / Raging Bolt / Incineroar / Chi-Yu
340_amoonguss-calyrexice.txt,I497,Gavin Michaels,Manual Entry,Portland Regionals 2025,Champion,25 May 2025,https://pokepast.es/84c0b7c14de37a87,Amoonguss / Calyrex-Ice / Kyogre / Grimmsnarl / Flutter Mane / Basculegion
342_groudon-miraidon.txt,I489,Jonathan Chemburkar & Behzad Muntazir,TurboVGC,Portland Regionals 2025,9th,26 May 2025,https://pokepast.es/c3ae42c462b00419,Groudon / Miraidon / Volcarona / Grimmsnarl / Incineroar / Flutter Mane
343_grimmsnarl-calyrexshadow.txt,I469,Zac Emerzian,zacemer,Portland Regionals 2025,107th,25 May 2025,https://pokepast.es/c7d0a3c53ccccbb1,Grimmsnarl / Calyrex-Shadow / Landorus / Ogerpon-Wellspring / Incineroar / Solgaleo
344_miraidon-lunala.txt,I484,Ryan Haig,z0mogvgc,Portland Regionals 2025,14th,26 May 2025,https://pokepast.es/e30579cbc9427ee6,Miraidon / Lunala / Ursaluna / Amoonguss / Grimmsnarl / Incineroar
345_calyrexshadow-koraidon.txt,I471,Kento Asami,stick21115,Portland Regionals 2025,28th,26 May 2025,https://pokepast.es/f924c71c048c3b0c,Calyrex-Shadow / Koraidon / Ogerpon-Hearthflame / Rillaboom / Grimmsnarl / Incineroar
346_kyogre-calyrexice.txt,I495,Cary D’Ortona,mimikyufool,Portland Regionals 2025,3rd,26 May 2025,https://pokepast.es/f9972eab81f9e1fb,Kyogre / Calyrex-Ice / Urshifu-Rapid-Strike / Amoonguss / Iron Jugulis / Rillaboom
347_calyrexice-miraidon.txt,I476,Dominic Vogel,exdominic,Portland Regionals 2025,22nd,26 May 2025,https://pokepast.es/fb59af08ea1d89dc,Calyrex-Ice / Miraidon / Grimmsnarl / Urshifu-Rapid-Strike / Incineroar / Landorus
348_koraidon-calyrexshadow.txt,I1251,AndyBakes,AndyBakesYT,Querétaro Regional 2026,14th,7 Apr 2026,https://pokepast.es/2bfb5bfa6b1bb055,Koraidon / Calyrex-Shadow / Whimsicott / Ditto / Rillaboom / Flamigo
349_miraidon-urshifurapidstrike.txt,I1250,Julián Rivera,_exgenn_,Querétaro Regional 2026,30th,6 Apr 2026,https://pokepast.es/d1d11257d4aec567,Miraidon / Urshifu-Rapid-Strike / Lunala / Ursaluna / Whimsicott / Incineroar
350_miraidon-hooh.txt,I999,Guillermo Castilla,_KastyTP_,Rise of Elite,Runner Up,27 Jul 2025,https://pokepast.es/0dd14afce4fd3e52,Miraidon / Ho-Oh / Urshifu-Rapid-Strike / Chien-Pao / Clefairy / Iron Treads
351_incineroar-grimmsnarl.txt,I388,Omar Acuña Acevedo,homerochildprey,Santiago Regionals 2025,13th,19 May 2025,https://pokepast.es/38e04ed8523ef0d6,Incineroar / Grimmsnarl / Miraidon / Urshifu-Rapid-Strike / Ursaluna / Lunala
352_lunala-raichu.txt,I394,Estephan Valdebenito,pephanvgc,Santiago Regionals 2025,7th,19 May 2025,https://pokepast.es/3f421feaf13cad57,Lunala / Raichu / Incineroar / Zamazenta / Ursaluna / Amoonguss
353_miraidon-lunala.txt,I387,punihina1334,punihina1334,Santiago Regionals 2025,21st,19 May 2025,https://pokepast.es/5eb620ec0674599b,Miraidon / Lunala / Incineroar / Okidogi / Ursaluna / Grimmsnarl
354_incineroar-lunala.txt,I397,Juan Pablo Cambón,Juampi_Cambon15,Santiago Regionals 2025,4th,18 May 2025,https://pokepast.es/9d6d99abd5c9c189,Incineroar / Lunala / Amoonguss / Ursaluna / Koraidon / Flutter Mane
355_calyrexice-miraidon.txt,I400,Max Morales,Max_LJCR,Santiago Regionals 2025,Champion,18 May 2025,https://pokepast.es/bebb30c4b5a5bfa3,Calyrex-Ice / Miraidon / Ursaluna / Volcarona / Grimmsnarl / Iron Hands
356_lunala-whimsicott.txt,I391,Pedro Feitosa,phsfeitosa,Santiago Regionals 2025,10th,19 May 2025,https://pokepast.es/efc0f05f4c56adc7,Lunala / Whimsicott / Rillaboom / Incineroar / Urshifu-Rapid-Strike / Miraidon
357_calyrexshadow-zamazenta.txt,I361,Giancarlo Abiera,giancarloabiera,Sheer Cold Tournament,14th,26 May 2025,https://pokepast.es/58d9197f8ea2f829,Calyrex-Shadow / Zamazenta / Urshifu-Rapid-Strike / Incineroar / Rillaboom / Clefairy
358_glimmora-calyrexice.txt,I362,Penglin,thepenglin,Sheer Cold Tournament,Champion,26 May 2025,https://pokepast.es/88c59c59cd996dbe,Glimmora / Calyrex-Ice / Zamazenta / Rillaboom / Amoonguss / Ursaluna
359_calyrexshadow-maushold.txt,I955,David Koutesh,hamstermaniavgc,Showdown Bo1 Ladder,Top 30,16 Jul 2025,https://pokepast.es/276f2e74e57f07ff,Calyrex-Shadow / Maushold / Ditto / Zamazenta / Roaring Moon / Weezing-Galar
360_calyrexice-koraidon.txt,I993,billtram6,billtram6,Showdown Bo1 Ladder,Top 200,25 Jul 2025,https://pokepast.es/3411e4bad2244d4f,Calyrex-Ice / Koraidon / Jumpluff / Chi-Yu / Flutter Mane / Iron Hands
361_calyrexice-smeargle.txt,I983,Conner P.,conner138382472,Showdown Bo1 Ladder,Top 10,20 Jul 2025,https://pokepast.es/4b5674f0f5aff5a1,Calyrex-Ice / Smeargle / Kyogre / Basculegion / Tornadus / Ogerpon
362_tornadus-urshifurapidstrike.txt,I1036,yeetawheat,Manual Entry,Showdown Bo1 Ladder,,30 Jul 2025,https://pokepast.es/4fb7c4d345541cfa,Tornadus / Urshifu-Rapid-Strike / Kyogre / Calyrex-Shadow / Toxicroak / Rhydon
363_miraidon-calyrexice.txt,I956,swampvgc,swampvgc,Showdown Bo1 Ladder,Top 5,18 Jul 2025,https://pokepast.es/622e293b47c11833,Miraidon / Calyrex-Ice / Farigiraf / Grimmsnarl / Landorus / Sneasler
364_groudon-smeargle.txt,I1232,fairteew,fairteew,Showdown Bo1 Ladder,Peak 1st,14 Mar 2026,https://pokepast.es/c7fcf138274b2fe3,Groudon / Smeargle / Raging Bolt / Chi-Yu / Calyrex-Ice / Flutter Mane
365_miraidon-whimsicott.txt,I77,Yang Chieh-Lun,jaylun44,Showdown BO3 Ladder,Peak 10th,16 Apr 2025,https://pokepast.es/09d30e1754a7a3cb,Miraidon / Whimsicott / Farigiraf / Iron Hands / Calyrex-Shadow / Chi-Yu
366_cresselia-ironhands.txt,I570,Sliverfish,iamsliverfish,Showdown BO3 Ladder,1st,16 Jun 2025,https://pokepast.es/38629668f8f3e1e1,Cresselia / Iron Hands / Calyrex-Shadow / Miraidon / Ursaluna / Sneasler
367_miraidon-koraidon.txt,I125,Marco Silva,marc0fier0,Showdown BO3 Ladder,Peak 47th,24 Apr 2025,https://pokepast.es/501254cdf77268d0,Miraidon / Koraidon / Flutter Mane / Raging Bolt / Incineroar / Ogerpon-Cornerstone
370_mukalola-smeargle.txt,I806,Yankiken,yankiken,Showdown Ladder,Peak 155th,28 Jun 2025,https://pokepast.es/31d84fd05cd1f540,Muk-Alola / Smeargle / Calyrex-Shadow / Zamazenta / Urshifu-Rapid-Strike / Ditto
371_koraidon-calyrexshadow.txt,I935,AndyBakes,andybakesyt,Showdown Ladder,-,11 Jul 2025,https://pokepast.es/df95d6d92ec5ddc7,Koraidon / Calyrex-Shadow / Raging Bolt / Chi-Yu / Rillaboom / Flamigo
372_kyogre-calyrexice.txt,I368,Donghun Youm,playmaker_poke,Showdown Ladder (Bo1),Peak 1st,29 May 2025,https://pokepast.es/14169b09194483e6,Kyogre / Calyrex-Ice / Urshifu-Rapid-Strike / Amoonguss / Iron Jugulis / Rillaboom
373_koraidon-fluttermane.txt,I191,Robbie Schaaij,VgcRobbie,Showdown Ladder (Bo3),Peak 3rd,2 May 2025,https://pokepast.es/8c055244fe1e838b,Koraidon / Flutter Mane / Chi-Yu / Lunala / Indeedee-F / Brute Bonnet
374_calyrexshadow-zamazenta.txt,I839,yankiken,yankiken,Showdown Ladder (Bo3),-,4 Jul 2025,https://pokepast.es/934d967f746dd0b6,Calyrex-Shadow / Zamazenta / Raging Bolt / Chien-Pao / Whimsicott / Ogerpon-Hearthflame
375_basculegion-kyogre.txt,I871,Jayden Gan,Manual Entry,Singapore MBL 2025,3rd,29 Jun 2025,https://pokepast.es/c3408ca6fb89a759,Basculegion / Kyogre / Iron Jugulis / Amoonguss / Calyrex-Ice / Iron Hands
376_clefairy-incineroar.txt,I1000,Justin Tang,unironicpanda,Smogon Live VGC Tour,21st,20 Jul 2025,https://pokepast.es/5ca984e86bef4a91,Clefairy / Incineroar / Rillaboom / Calyrex-Shadow / Miraidon / Volcarona
377_miraidon-amoonguss.txt,I1017,Matteo Ballini,mavavgc,Smogon Live VGC Tour,4th,21 Jul 2025,https://pokepast.es/73bec3c0b27d6f80,Miraidon / Amoonguss / Zamazenta / Volcarona / Incineroar / Chien-Pao
378_calyrexice-zamazenta.txt,I639,yankiken,yankiken,Spear Pillar Rumble Region,-,21 Jun 2025,https://pokepast.es/87bc308103d07d71,Calyrex-Ice / Zamazenta / Regieleki / Urshifu-Rapid-Strike / Landorus / Ogerpon-Cornerstone
379_miraidon-calyrexice.txt,I350,M. Khoa Nguyen,YukiNakafuyu,SpearPillar Region Rumble Asia/Pacific Qualifier,Champion,20 May 2025,https://pokepast.es/d5e614dd49b9789c,Miraidon / Calyrex-Ice / Farigiraf / Chi-Yu / Ursaluna / Gardevoir
380_screamtail-terapagos.txt,I810,Richard Mogollon,chefrich100,St. Jude Charity Tour,-,30 Jun 2025,https://pokepast.es/77bb320228193d66,Scream Tail / Terapagos / Jolteon / Urshifu-Rapid-Strike / Ditto / Eternatus
381_miraidon-chienpao.txt,I666,nakano_nino7702,nakano_nino7702,Taiwan MBL 2025,65th,8 Jun 2025,https://pokepast.es/0e17496ee6996d96,Miraidon / Chien-Pao / Zamazenta / Volcarona / Iron Hands / Farigiraf
382_calyrexice-volcarona.txt,I665,Liu Yi-An,luian91701132,Taiwan MBL 2025,-,8 Jun 2025,https://pokepast.es/0e204686e1e91c4b,Calyrex-Ice / Volcarona / Landorus / Miraidon / Farigiraf / Iron Hands
383_kyogre-calyrexice.txt,I669,Andrew Picornell,hera_dit_cation,Taiwan MBL 2025,37th,11 Jun 2025,https://pokepast.es/18e2c72e552957c2,Kyogre / Calyrex-Ice / Incineroar / Raging Bolt / Urshifu-Rapid-Strike / Rillaboom
384_koraidon-calyrexshadow.txt,I668,alan78,bugproject,Taiwan MBL 2025,41st,8 Jun 2025,https://pokepast.es/1ab3b6f946c7dddb,Koraidon / Calyrex-Shadow / Weezing-Galar / Chi-Yu / Brute Bonnet / Swampert
386_kyogre-amoonguss.txt,I664,lavey710,lavey710,Taiwan MBL 2025,-,8 Jun 2025,https://pokepast.es/29ccd51a572d50f3,Kyogre / Amoonguss / Urshifu-Rapid-Strike / Iron Jugulis / Calyrex-Ice / Rillaboom
387_calyrexice-miraidon.txt,I697,Ling,yukirinli0724j0,Taiwan MBL 2025,5th,10 Jun 2025,https://pokepast.es/31be742a1b43a121,Calyrex-Ice / Miraidon / Grimmsnarl / Incineroar / Urshifu-Rapid-Strike / Landorus
388_koraidon-calyrexshadow.txt,I700,Chyr Wei,chyrwill,Taiwan MBL 2025,Runner Up,9 Jun 2025,https://pokepast.es/3eaa00c30c5c9b4c,Koraidon / Calyrex-Shadow / Weezing-Galar / Chi-Yu / Walking Wake / Brute Bonnet
389_calyrexshadow-koraidon.txt,I677,ado_sorachi,ado_sorachi,Taiwan MBL 2025,25th,8 Jun 2025,https://pokepast.es/41320a7b2c45d013,Calyrex-Shadow / Koraidon / Walking Wake / Chi-Yu / Weezing-Galar / Brute Bonnet
390_calyrexshadow-miraidon.txt,I699,Ze Banded,zebanded,Taiwan MBL 2025,3rd,8 Jun 2025,https://pokepast.es/5314e33bc9286291,Calyrex-Shadow / Miraidon / Incineroar / Farigiraf / Whimsicott / Urshifu-Rapid-Strike
391_whimsicott-miraidon.txt,I698,Chen Chih-Chun,toootvgc,Taiwan MBL 2025,4th,8 Jun 2025,https://pokepast.es/5a605566a37bf482,Whimsicott / Miraidon / Iron Hands / Incineroar / Ogerpon-Cornerstone / Calyrex-Shadow
392_miraidon-incineroar.txt,I676,Sie Meng-Ru,Manual Entry,Taiwan MBL 2025,26th,8 Jun 2025,https://pokepast.es/637d4a5ed5060edd,Miraidon / Incineroar / Calyrex-Ice / Grimmsnarl / Sinistcha-Masterpiece / Pelipper
393_calyrexice-miraidon.txt,I663,4milkfang,4milkfang,Taiwan MBL 2025,-,8 Jun 2025,https://pokepast.es/653aca7a1bfe1b9f,Calyrex-Ice / Miraidon / Grimmsnarl / Incineroar / Annihilape / Sinistcha
394_calyrexshadow-zamazenta.txt,I667,Castorbrown,CastorbrownVGC,Taiwan MBL 2025,55th,8 Jun 2025,https://pokepast.es/66f8f2d6f2088fae,Calyrex-Shadow / Zamazenta / Ogerpon-Wellspring / Tornadus / Ting-Lu / Raging Bolt
395_calyrexice-miraidon.txt,I689,Duh Jenn-Chau,ilike282,Taiwan MBL 2025,13th,8 Jun 2025,https://pokepast.es/6dbcb798cba67eeb,Calyrex-Ice / Miraidon / Grimmsnarl / Landorus / Urshifu-Rapid-Strike / Incineroar
396_calyrexshadow-incineroar.txt,I675,Fang Yu-Yang,wowyang4,Taiwan MBL 2025,27th,8 Jun 2025,https://pokepast.es/78d3911eb48aaa61,Calyrex-Shadow / Incineroar / Ogerpon-Hearthflame / Rillaboom / Zamazenta / Smeargle
397_calyrexice-lunala.txt,I701,johnnychiou36,Johnnychiou36,Taiwan MBL 2025,Champion,8 Jun 2025,https://pokepast.es/794ea66454ff65f2,Calyrex-Ice / Lunala / Smeargle / Urshifu / Torkoal / Indeedee-F
398_calyrexice-miraidon.txt,I684,PsychoR&R,psyr_r,Taiwan MBL 2025,18th,9 Jun 2025,https://pokepast.es/91bdb1fcde7c11bb,Calyrex-Ice / Miraidon / Grimmsnarl / Urshifu-Rapid-Strike / Incineroar / Ursaluna
400_charizard-koraidon.txt,I662,0516edward,0516edward,Taiwan MBL 2025,-,7 Jun 2025,https://pokepast.es/db2cb08b3733ba8c,Charizard / Koraidon / Rillaboom / Lunala / Amoonguss / Flutter Mane
401_zamazenta-calyrexshadow.txt,I957,Brady Smith,vgccorner,Talon's Fight Club #43,Champion,18 Jul 2025,https://pokepast.es/88de6b9437a8ad6b,Zamazenta / Calyrex-Shadow / Tornadus / Rillaboom / Smeargle / Raging Bolt
403_lugia-miraidon.txt,I367,traductorperon,traductorperon,Tenki's Weekly Practice #4,7th,28 May 2025,https://pokepast.es/392e7256cd5d6ee4,Lugia / Miraidon / Iron Hands / Entei / Chien-Pao / Whimsicott
404_zamazenta-kyogre.txt,I1087,zeropoke_,zeropoke_,Tera Square,Top 4,3 Aug 2025,https://pokepast.es/f217d94c9abf3456,Zamazenta / Kyogre / Chien-Pao / Urshifu-Rapid-Strike / Rillaboom / Amoonguss
405_necrozmadawnwings-indeedeef.txt,I218,158aran,158aran,Tera Square #56.1,-,3 May 2025,https://pokepast.es/094555437ac4a173,Necrozma-Dawn-Wings / Indeedee-F / Gallade / Calyrex-Ice / Smeargle / Pelipper
406_miraidon-calyrexice.txt,I513,koyadofudx,koyadofudx,Tera Square #59,Champion,8 Jun 2025,https://pokepast.es/3476da9360c38488,Miraidon / Calyrex-Ice / Volcarona / Urshifu-Rapid-Strike / Archaludon / Iron Hands
407_hooh-eternatus.txt,I231,Cubone,cubone104105,Tera Square Singura #2,-,4 May 2025,https://pokepast.es/5c50b1ddd67c94a6,Ho-Oh / Eternatus / Impidimp / Incineroar / Suicune / Ting-Lu
408_miraidon-zamazenta.txt,I229,Cosmo,cosmo_poke_,Tera Square Singura #2,-,4 May 2025,https://pokepast.es/7e0abbc821317315,Miraidon / Zamazenta / Chien-Pao / Urshifu-Rapid-Strike / Rillaboom / Talonflame
409_terapagos-calyrexshadow.txt,I233,Yuto Kimura,kim0227poke,Tera Square Singura #2,Top 8,4 May 2025,https://pokepast.es/b8d8149aca63e447,Terapagos / Calyrex-Shadow / Incineroar / Rillaboom / Grimmsnarl / Urshifu-Rapid-Strike
410_miraidon-kyogre.txt,I234,asuhapoke,asuhapoke,Tera Square Singura #2,Top 4,4 May 2025,https://pokepast.es/f36f887ed76f8707,Miraidon / Kyogre / Chien-Pao / Urshifu-Rapid-Strike / Incineroar / Whimsicott
411_incineroar-calyrexshadow.txt,I1236,notonoto_mby,notonoto_mby,Teru Challenge Team Tour,Top 8,22 Mar 2026,https://pokepast.es/cf9f50c6de0516fb,Incineroar / Calyrex-Shadow / Clefairy / Miraidon / Rillaboom / Grimmsnarl
412_calyrexshadow-zamazenta.txt,I998,Yuya Wakasugi,yu_yan_poke,Teru Fest x Viera Cup,Champion,19 Jul 2025,https://pokepast.es/4264ca1044d135e7,Calyrex-Shadow / Zamazenta / Chien-Pao / Chi-Yu / Ogerpon-Cornerstone / Amoonguss
413_calyrexice-scraggy.txt,I385,Nattanon Wongwiwatchai,boomngong,Thailand MBL 2025,Runner Up,18 May 2025,https://pokepast.es/89f625d339586e42,Calyrex-Ice / Scraggy / Miraidon / Farigiraf / Iron Treads / Iron Hands
414_torkoal-lunala.txt,I951,mineketa378,mineketa378,Thunderclap Festival,4th,12 Jul 2025,https://pokepast.es/1ba83f4587eeebe9,Torkoal / Lunala / Miraidon / Ursaluna / Indeedee-F / Tornadus
416_miraidon-lunala.txt,I950,mariruri,mariruripokemo2,Thunderclap Festival,Top 8,12 Jul 2025,https://pokepast.es/94f172e6d75e622a,Miraidon / Lunala / Urshifu-Rapid-Strike / Incineroar / Whimsicott / Ursaluna
417_calyrexshadow-zamazenta.txt,I1145,yana_poke186,yana_poke186,Thunderclap Festival,Champion,13 Aug 2025,https://pokepast.es/a8194fb28fb31c2a,Calyrex-Shadow / Zamazenta / Chien-Pao / Rillaboom / Raging Bolt / Ogerpon-Cornerstone
418_miraidon-terapagos.txt,I945,0_ku_wa,0_ku_wa,Thunderclap Festival,-,13 Jul 2025,https://pokepast.es/acb53f73dde9af6a,Miraidon / Terapagos / Incineroar / Sinistcha / Iron Treads / Urshifu-Rapid-Strike
420_lunala-miraidon.txt,I942,silver1431,silver1431,Thunderclap Festival,-,12 Jul 2025,https://pokepast.es/d2e0b2857cd494c3,Lunala / Miraidon / Urshifu-Rapid-Strike / Ursaluna / Incineroar / Grimmsnarl
421_calyrexice-kyogre.txt,I509,gravity030,gravity030,Tohoku Off,3rd,1 Jun 2025,https://pokepast.es/5579bf1275de4b48,Calyrex-Ice / Kyogre / Urshifu-Rapid-Strike / Iron Jugulis / Rillaboom / Amoonguss
423_calyrexshadow-ogerponhearthflame.txt,I132,homura_kurenai_,homura_kurenai_,Tweet,-,9 Febuary 2025,https://pokepast.es/115a7e338669c939,Calyrex-Shadow / Ogerpon-Hearthflame / Urshifu-Rapid-Strike / Chien-Pao / Zamazenta / Rillaboom
424_koraidon-terapagos.txt,I197,johnnychiou36,johnnychiou36,Tweet,-,3 May 2025,https://pokepast.es/11685f14283d3a64,Koraidon / Terapagos / Incineroar / Raging Bolt / Ogerpon-Cornerstone / Flutter Mane
425_miraidon-palkia.txt,I1144,4milkfang,4milkfang,Tweet,,13 Aug 2025,https://pokepast.es/12b96d2ad3ec7e04,Miraidon / Palkia / Incineroar / Ursaluna / Farigiraf / Ogerpon-Hearthflame
427_zoroarkhisui-dialgaorigin.txt,I560,Hijito Kihara,dodoriosiriru,Tweet,-,15 Jun 2025,https://pokepast.es/15be75a48d6c1302,Zoroark-Hisui / Dialga-Origin / Calyrex-Ice / Incineroar / Ursaluna / Ogerpon-Wellspring
428_eternatus-calyrexshadow.txt,I992,mel,mmmelatonin,Tweet,,25 Jul 2025,https://pokepast.es/15f4714209a4658a,Eternatus / Calyrex-Shadow / Clefairy / Chi-Yu / Mienshao / Weezing-Galar
429_calyrexice-lunala.txt,I149,Konnar Betts,That_Bravado,Tweet,-,28 Apr 2025,https://pokepast.es/18deeb99cfa44bb5,Calyrex-Ice / Lunala / Smeargle / Indeedee-F / Iron Hands / Ogerpon-Wellspring
430_miraidon-solgaleo.txt,I71,tamii,tamii_0745,Tweet,-,13 Apr 2025,https://pokepast.es/1c437ed9d2e93850,Miraidon / Solgaleo / Whimsicott / Ogerpon-Hearthflame / Iron Hands / Urshifu-Rapid-Strike
431_koraidon-lunala.txt,I270,hatsunechiyu,hatsunechiyu,Tweet,-,9 May 2025,https://pokepast.es/1ff28b7e5f74e9d0,Koraidon / Lunala / Indeedee-F / Chi-Yu / Regieleki / Brute Bonnet
432_miraidon-calyrexice.txt,I1099,CloverBells,CloverBells21,Tweet,,8 Aug 2025,https://pokepast.es/2061ecaa8317f069,Miraidon / Calyrex-Ice / Incineroar / Amoonguss / Urshifu-Rapid-Strike / Landorus
433_calyrexshadow-zamazenta.txt,I279,Peter Chen,mrptpablo,Tweet,-,18 May 2025,https://pokepast.es/20f32f41f65cef86,Calyrex-Shadow / Zamazenta / Tornadus / Urshifu-Rapid-Strike / Chien-Pao / Ogerpon-Hearthflame
434_koraidon-lunala.txt,I129,homura_kurenai_,homura_kurenai_,Tweet,-,9 Febuary 2025,https://pokepast.es/26bab9361acdedaf,Koraidon / Lunala / Raging Bolt / Ogerpon-Hearthflame / Whimsicott / Ursaluna-Bloodmoon
435_calyrexice-miraidon.txt,I131,homura_kurenai_,homura_kurenai_,Tweet,-,9 Febuary 2025,https://pokepast.es/287280fb88501feb,Calyrex-Ice / Miraidon / Iron Hands / Farigiraf / Ditto / Urshifu
436_dondozo-tatsugiridroopy.txt,I345,gatekeeper_rote,gatekeeper_rote,Tweet,-,18 May 2025,https://pokepast.es/28e8d38323852569,Dondozo / Tatsugiri-Droopy / Ting-Lu / Ho-Oh / Sneasler / Miraidon
437_calyrexice-palkia.txt,I152,Konnar Betts,That_Bravado,Tweet,-,28 Apr 2025,https://pokepast.es/29c9cb1e8514214b,Calyrex-Ice / Palkia / Indeedee-F / Hatterene / Amoonguss / Iron Hands
438_miraidon-calyrexice.txt,I982,Adryan Sutantoso,MagnetmanVGC,Tweet,,24 Jul 2025,https://pokepast.es/2c14a0320c94cfb1,Miraidon / Calyrex-Ice / Raichu-Alola / Urshifu-Rapid-Strike / Ursaluna / Ogerpon-Hearthflame
439_calyrexice-grimmsnarl.txt,I981,SlitherwingVGC,SlitherwingVGC,Tweet,,22 Jul 2025,https://pokepast.es/3156a4a081eaf650,Calyrex-Ice / Grimmsnarl / Groudon / Flutter Mane / Volcarona / Raging Bolt
440_brutebonnet-lunala.txt,I153,Konnar Betts,That_Bravado,Tweet,-,28 Apr 2025,https://pokepast.es/31947ad6e615a56c,Brute Bonnet / Lunala / Ursaluna / Koraidon / Raging Bolt / Chi-Yu
441_koraidon-lunala.txt,I138,Sarapoke0914,Sarapoke0914,Tweet,-,25 Apr 2025,https://pokepast.es/34d45cf7afccb34b,Koraidon / Lunala / Flutter Mane / Chi-Yu / Brute Bonnet / Ditto
442_koraidon-giratinaorigin.txt,I127,Okhotsk1222,okhotsk1222,Tweet,-,25 Apr 2025,https://pokepast.es/3566443f21a5910a,Koraidon / Giratina-Origin / Tornadus / Great Tusk / Flutter Mane / Chi-Yu
443_ogerponhearthflame-rillaboom.txt,I499,Brady Smith,vgccorner,Tweet,-,1 Jun 2025,https://pokepast.es/388c6d67424f55ff,Ogerpon-Hearthflame / Rillaboom / Lunala / Miraidon / Incineroar / Grimmsnarl
444_zamazenta-calyrexshadow.txt,I108,Conner P.,conner138382472,Tweet,-,21 Apr 2025,https://pokepast.es/38f0e81d107dd423,Zamazenta / Calyrex-Shadow / Tornadus / Urshifu-Rapid-Strike / Rillaboom / Chien-Pao
445_miraidon-calyrexice.txt,I102,Conner P.,conner138382472,Tweet,-,21 Apr 2025,https://pokepast.es/3df46b4dc7764882,Miraidon / Calyrex-Ice / Iron Hands / Ogerpon-Cornerstone / Farigiraf / Iron Valiant
446_terapagos-smeargle.txt,I980,sato168sato,sato168sato,Tweet,,22 Jul 2025,https://pokepast.es/4623c7053e9e2dc6,Terapagos / Smeargle / Calyrex-Shadow / Iron Hands / Chi-Yu / Whimsicott
447_incineroar-lunala.txt,I1248,CaptainKaiVGC,CaptainKaiVGC,Tweet,,29 Mar 2026,https://pokepast.es/47dcbe1425a64715,Incineroar / Lunala / Rillaboom / Flutter Mane / Koraidon / Raging Bolt
448_terapagos-incineroar.txt,I104,Conner P.,conner138382472,Tweet,-,21 Apr 2025,https://pokepast.es/4d07e3612a0b5d71,Terapagos / Incineroar / Rillaboom / Ogerpon-Cornerstone / Flutter Mane / Calyrex-Shadow
449_ragingbolt-fluttermane.txt,I562,JohnnyHax,johnnyhax,Tweet,-,15 Jun 2025,https://pokepast.es/54e45e237099f6e7,Raging Bolt / Flutter Mane / Lunala / Indeedee-F / Blaziken / Koraidon
450_calyrexshadow-zamazenta.txt,I140,Sarapoke0914,Sarapoke0914,Tweet,-,25 Apr 2025,https://pokepast.es/5a91267f437694e3,Calyrex-Shadow / Zamazenta / Urshifu-Rapid-Strike / Rillaboom / Tornadus / Chien-Pao
451_calyrexshadow-miraidon.txt,I151,Konnar Betts,That_Bravado,Tweet,-,28 Apr 2025,https://pokepast.es/5cdeb108689f71f1,Calyrex-Shadow / Miraidon / Chi-Yu / Sneasler / Dondozo / Tatsugiri-Droopy
452_miraidon-zamazenta.txt,I990,moscate1oon,moscate1oon,Tweet,,24 Jul 2025,https://pokepast.es/5daa04a0876f9a58,Miraidon / Zamazenta / Chien-Pao / Dragonite / Whimsicott / Incineroar
453_calyrexshadow-groudon.txt,I70,Paul Ruiz,ralfdude90,Tweet,-,12 Apr 2025,https://pokepast.es/5fc4a84839b9f814,Calyrex-Shadow / Groudon / Jumpluff / Incineroar / Raging Bolt / Urshifu
454_calyrexice-kyogre.txt,I953,poke_analizer,poke_analizer,Tweet,-,17 Jul 2025,https://pokepast.es/66af8823a684e7bf,Calyrex-Ice / Kyogre / Landorus / Tornadus / Smeargle / Farigiraf
456_calyrexshadow-zamazenta.txt,I1095,CloverBells,CloverBells21,Tweet,,8 Aug 2025,https://pokepast.es/6dcb5f8220a238ea,Calyrex-Shadow / Zamazenta / Smeargle / Raging Bolt / Rillaboom / Tornadus
457_hooh-eternatus.txt,I524,karuha200123,karuha200123,Tweet,-,12 Jun 2025,https://pokepast.es/7086fe162a4187b7,Ho-Oh / Eternatus / Quagsire / Grimmsnarl / Ting-Lu / Rhydon
458_miraidon-calyrexice.txt,I82,toshiniki,toshi_kyogre,Tweet,-,16 Apr 2025,https://pokepast.es/722a7a53b4f46592,Miraidon / Calyrex-Ice / Grimmsnarl / Iron Hands / Farigiraf / Ditto
459_zamazenta-calyrexshadow.txt,I97,Conner P.,conner138382472,Tweet,-,21 Apr 2025,https://pokepast.es/743bde3cec01c83f,Zamazenta / Calyrex-Shadow / Urshifu-Rapid-Strike / Rillaboom / Tornadus / Chien-Pao
461_kyogre-calyrexshadow.txt,I98,Conner P.,conner138382472,Tweet,-,21 Apr 2025,https://pokepast.es/7697f0e32e5886d8,Kyogre / Calyrex-Shadow / Incineroar / Rillaboom / Urshifu-Rapid-Strike / Roaring Moon
462_groudon-entei.txt,I512,Gerald Hoard,2thyfor,Tweet,-,11 Jun 2025,https://pokepast.es/76b8bb3253f70f8a,Groudon / Entei / Raging Bolt / Amoonguss / Lunala / Ditto
463_incineroar-calyrexshadow.txt,I501,Brady Smith,vgccorner,Tweet,-,1 Jun 2025,https://pokepast.es/78be5ac160e74418,Incineroar / Calyrex-Shadow / Chien-Pao / Amoonguss / Zamazenta / Raging Bolt
464_miraidon-zamazenta.txt,I503,jude_division,jude_division,Tweet,-,5 Jun 2025,https://pokepast.es/7ffa56d4efce6b9f,Miraidon / Zamazenta / Farigiraf / Iron Moth / Rhydon / Wo-Chien
465_toxapex-rhydon.txt,I215,skwovetboi,skwovetboi,Tweet,-,6 May 2025,https://pokepast.es/812e1b4ca0fea6fe,Toxapex / Rhydon / Ho-Oh / Walking Wake / Koraidon / Comfey
466_lunala-rillaboom.txt,I99,Conner P.,conner138382472,Tweet,-,21 Apr 2025,https://pokepast.es/8287fc6970d23e2d,Lunala / Rillaboom / Miraidon / Urshifu / Whimsicott / Volcarona
467_koraidon-lunala.txt,I343,lycopoky,lycopoky,Tweet,-,20 May 2025,https://pokepast.es/82a164b4bffef7a5,Koraidon / Lunala / Flutter Mane / Incineroar / Brute Bonnet / Landorus
468_whimsicott-gougingfire.txt,I937,Ryota Otsubo,barudoru,Tweet,-,13 Jul 2025,https://pokepast.es/83b30943609e42cc,Whimsicott / Gouging Fire / Groudon / Volcarona / Lilligant-Hisui / Solgaleo
469_calyrexshadow-koraidon.txt,I277,Wayne Yu,yuwaynezobel,Tweet,-,15 May 2025,https://pokepast.es/86487774619cf7d3,Calyrex-Shadow / Koraidon / Chi-Yu / Indeedee-F / Brute Bonnet / Whimsicott
470_miraidon-calyrexice.txt,I938,yankiken,yankiken,Tweet,-,14 Jul 2025,https://pokepast.es/87b86bff36e44d94,Miraidon / Calyrex-Ice / Volcarona / Incineroar / Urshifu-Rapid-Strike / Rillaboom
471_terapagos-lunala.txt,I67,Paul Ruiz,ralfdude90,Tweet,-,12 Apr 2025,https://pokepast.es/8a5fa5f4584ee716,Terapagos / Lunala / Incineroar / Rillaboom / Ogerpon-Wellspring / Ursaluna
473_koraidon-hooh.txt,I76,Yuta Ishigaki,btrickroomz,Tweet,-,16 Apr 2025,https://pokepast.es/8ec2b71621a828ea,Koraidon / Ho-Oh / Flutter Mane / Raging Bolt / Chien-Pao / Amoonguss
475_calyrexshadow-zamazenta.txt,I504,seawolfmikes,seawolfmikes,Tweet,-,7 Jun 2025,https://pokepast.es/94c198ef3752d5b4,Calyrex-Shadow / Zamazenta / Grimmsnarl / Volcarona / Raging Bolt / Chien-Pao
476_miraidon-hooh.txt,I202,johnnychiou36,johnnychiou36,Tweet,-,3 May 2025,https://pokepast.es/975acf992fb86ea7,Miraidon / Ho-Oh / Iron Treads / Urshifu / Iron Hands / Farigiraf
477_miraidon-irontreads.txt,I1098,CloverBells,CloverBells21,Tweet,,8 Aug 2025,https://pokepast.es/9c5d6945285e8abe,Miraidon / Iron Treads / Terapagos / Sinistcha-Masterpiece / Urshifu-Rapid-Strike / Incineroar
478_eternatus-calyrexshadow.txt,I805,RamXCore,RamXCore,Tweet,-,27 Jun 2025,https://pokepast.es/9cd3e02bcfc6c4fb,Eternatus / Calyrex-Shadow / Grimmsnarl / Ting-Lu / Rillaboom / Volcarona
479_miraidon-rayquaza.txt,I991,Haruka,harukaminaduki,Tweet,,24 Jul 2025,https://pokepast.es/9fc29ba63770b305,Miraidon / Rayquaza / Ting-Lu / Volcarona / Murkrow / Urshifu-Rapid-Strike
480_calyrexice-kyogre.txt,I1094,CloverBells,CloverBells21,Tweet,,8 Aug 2025,https://pokepast.es/9fe7de8af8c3ef36,Calyrex-Ice / Kyogre / Iron Jugulis / Basculegion / Smeargle / Rillaboom
481_kyogre-zamazenta.txt,I66,Paul Ruiz,ralfdude90,Tweet,-,12 Apr 2025,https://pokepast.es/a2a1fa2bc28bca8d,Kyogre / Zamazenta / Chien-Pao / Urshifu-Rapid-Strike / Rillaboom / Flutter Mane
482_miraidon-zamazenta.txt,I989,Aki Shibuya,shuuka_poke,Tweet,,24 Jul 2025,https://pokepast.es/a4534a47f456524a,Miraidon / Zamazenta / Chien-Pao / Ogerpon-Cornerstone / Whimsicott / Incineroar
483_zamazenta-ragingbolt.txt,I500,Brady Smith,vgccorner,Tweet,-,1 Jun 2025,https://pokepast.es/a87aa4b0bb9188d7,Zamazenta / Raging Bolt / Amoonguss / Chien-Pao / Rillaboom / Calyrex-Shadow
484_miraidon-calyrexshadow.txt,I135,Sarapoke0914,Sarapoke0914,Tweet,-,25 Apr 2025,https://pokepast.es/aa6e2229a98207ad,Miraidon / Calyrex-Shadow / Sneasler / Ditto / Dondozo / Tatsugiri-Droopy
485_miraidon-calyrexice.txt,I136,Sarapoke0914,Sarapoke0914,Tweet,-,25 Apr 2025,https://pokepast.es/ad763945dbd2cd23,Miraidon / Calyrex-Ice / Ogerpon-Cornerstone / Iron Hands / Iron Valiant / Farigiraf
487_miraidon-calyrexshadow.txt,I954,PsychoR&R,psyr_r,Tweet,-,16 Jul 2025,https://pokepast.es/b3adf5c9accd388f,Miraidon / Calyrex-Shadow / Incineroar / Rillaboom / Smeargle / Clefairy
488_calyrexice-koraidon.txt,I1100,CloverBells,cloverbells21,Tweet,,8 Aug 2025,https://pokepast.es/b3fb977d75b382f6,Calyrex-Ice / Koraidon / Smeargle / Raging Bolt / Flutter Mane / Chi-Yu
489_calyrexshadow-kyogre.txt,I134,Sarapoke0914,Sarapoke0914,Tweet,-,25 Apr 2025,https://pokepast.es/b57124a57a5b45ac,Calyrex-Shadow / Kyogre / Incineroar / Rillaboom / Roaring Moon / Urshifu-Rapid-Strike
490_koraidon-lunala.txt,I105,Conner P.,conner138382472,Tweet,-,21 Apr 2025,https://pokepast.es/b8a7ac0e6dfddb2e,Koraidon / Lunala / Chi-Yu / Ursaluna / Brute Bonnet / Flutter Mane
491_whimsicott-calyrexshadow.txt,I1097,CloverBells,CloverBells21,Tweet,,8 Aug 2025,https://pokepast.es/b8ad1065fe99d38d,Whimsicott / Calyrex-Shadow / Miraidon / Iron Hands / Chi-Yu / Farigiraf
493_calyrexshadow-terapagos.txt,I199,johnnychiou36,johnnychiou36,Tweet,-,3 May 2025,https://pokepast.es/ba5c39ab8ece36cb,Calyrex-Shadow / Terapagos / Incineroar / Rillaboom / Ogerpon-Cornerstone / Flutter Mane
494_rillaboom-groudon.txt,I344,seawolfmikes,seawolfmikes,Tweet,-,22 May 2025,https://pokepast.es/bbb0c1f507512ffb,Rillaboom / Groudon / Incineroar / Jumpluff / Calyrex-Shadow / Raging Bolt
495_zamazenta-calyrexshadow.txt,I74,toshiniki,toshi_kyogre,Tweet,-,14 Apr 2025,https://pokepast.es/c1a384cf41be31e1,Zamazenta / Calyrex-Shadow / Incineroar / Rillaboom / Urshifu-Rapid-Strike / Ogerpon-Cornerstone
496_zamazenta-calyrexshadow.txt,I561,mumemo,mumemo168,Tweet,-,15 Jun 2025,https://pokepast.es/c2be77daa374cbd6,Zamazenta / Calyrex-Shadow / Incineroar / Amoonguss / Raging Bolt / Chien-Pao
497_lunala-ursaluna.txt,I75,Shintaro Amemiya,rirunnpapa,Tweet,-,15 Apr 2025,https://pokepast.es/c49d1edb56ccb1c7,Lunala / Ursaluna / Miraidon / Archaludon / Bastiodon / Gastrodon-East
498_indeedeef-sneasler.txt,I1143,junky_poke_,junky_poke_,Tweet,,13 Aug 2025,https://pokepast.es/cbd275721a3f7a9e,Indeedee-F / Sneasler / Tornadus / Kyogre / Calyrex-Ice / Ting-Lu
499_miraidon-lunala.txt,I1096,CloverBells,CloverBells21,Tweet,,8 Aug 2025,https://pokepast.es/ccb992b5864f0534,Miraidon / Lunala / Urshifu-Rapid-Strike / Incineroar / Whimsicott / Ursaluna
500_eternatus-glimmora.txt,I1035,Yang Chieh-Lun,jaylun44,Tweet,,28 Jul 2025,https://pokepast.es/cd43930cc2d5c32e,Eternatus / Glimmora / Ting-Lu / Lunala / Ogerpon-Wellspring / Amoonguss
501_calyrexshadow-zamazenta.txt,I201,johnnychiou36,johnnychiou36,Tweet,-,3 May 2025,https://pokepast.es/ce953c5968e470ee,Calyrex-Shadow / Zamazenta / Tornadus / Rillaboom / Urshifu-Rapid-Strike / Chien-Pao
502_lunala-koraidon.txt,I100,Conner P.,conner138382472,Tweet,-,21 Apr 2025,https://pokepast.es/cfdf06f997488632,Lunala / Koraidon / Chi-Yu / Flutter Mane / Brute Bonnet / Ditto
503_groudon-kyogre.txt,I936,pokedr_4kc,pokedr_4kc,Tweet,-,14 Jul 2025,https://pokepast.es/d036f66cd0eb8792,Groudon / Kyogre / Wo-Chien / Flutter Mane / Raging Bolt / Slither Wing
504_calyrexice-miraidon.txt,I101,Conner P.,conner138382472,Tweet,-,21 Apr 2025,https://pokepast.es/d5d9d09f32cba826,Calyrex-Ice / Miraidon / Farigiraf / Incineroar / Urshifu-Rapid-Strike / Landorus
505_terapagos-calyrexshadow.txt,I145,Decopon,decopon_poke,Tweet,-,27 Apr 2025,https://pokepast.es/d626f62ee085a0c8,Terapagos / Calyrex-Shadow / Rillaboom / Volcarona / Landorus / Glimmora
506_terapagos-incineroar.txt,I106,Conner P.,conner138382472,Tweet,-,21 Apr 2025,https://pokepast.es/da57f77abc77c5b6,Terapagos / Incineroar / Koraidon / Flutter Mane / Raging Bolt / Ogerpon-Cornerstone
507_pikachu-calyrexice.txt,I838,Kazeno_shion,Kazeno_shion,Tweet,-,5 Jul 2025,https://pokepast.es/db7174ed73c344a6,Pikachu / Calyrex-Ice / Kyogre / Urshifu-Rapid-Strike / Landorus / Roaring Moon
508_glimmora-calyrexshadow.txt,I804,Olivia Moledzki,aboxoftimbits,Tweet,-,26 Jun 2025,https://pokepast.es/dde4cdbcb485bada,Glimmora / Calyrex-Shadow / Tatsugiri / Ting-Lu / Dondozo / Groudon
510_koraidon-lunala.txt,I269,MemeGuy924,MemeGuy924,Tweet,-,9 May 2025,https://pokepast.es/df64693667161ded,Koraidon / Lunala / Incineroar / Roaring Moon / Raging Bolt / Ogerpon-Cornerstone
511_calyrexshadow-clefairy.txt,I498,Brady Smith,vgccorner,Tweet,-,1 Jun 2025,https://pokepast.es/df7778cb5c7feca1,Calyrex-Shadow / Clefairy / Rillaboom / Raging Bolt / Zamazenta / Incineroar
512_koraidon-hooh.txt,I137,Sarapoke0914,Sarapoke0914,Tweet,-,25 Apr 2025,https://pokepast.es/e0f3e6f88d363a2b,Koraidon / Ho-Oh / Incineroar / Raging Bolt / Flutter Mane / Iron Treads
513_calyrexshadow-zamazenta.txt,I1234,Michael Kelsch,michaelderbeste,Tweet,,17 Mar 2026,https://pokepast.es/e5970d096df76642,Calyrex-Shadow / Zamazenta / Whimsicott / Raging Bolt / Chien-Pao / Ogerpon-Hearthflame
514_kyogre-miraidon.txt,I502,MemeGuy924,MemeGuy924,Tweet,-,5 Jun 2025,https://pokepast.es/e68157f522c522ad,Kyogre / Miraidon / Iron Hands / Roaring Moon / Landorus / Farigiraf
515_miraidon-calyrexshadow.txt,I128,homura_kurenai_,homura_kurenai_,Tweet,-,9 Febuary 2025,https://pokepast.es/f0ecd8a36510fa94,Miraidon / Calyrex-Shadow / Dondozo / Tatsugiri-Droopy / Weezing-Galar / Iron Hands
516_kyogre-calyrexice.txt,I68,Paul Ruiz,ralfdude90,Tweet,-,12 Apr 2025,https://pokepast.es/f1e4f333381c9eb4,Kyogre / Calyrex-Ice / Urshifu-Rapid-Strike / Raging Bolt / Indeedee-F / Landorus
518_koraidon-lunala.txt,I198,johnnychiou36,johnnychiou36,Tweet,-,3 May 2025,https://pokepast.es/f39e01e4c40c5e52,Koraidon / Lunala / Ursaluna / Brute Bonnet / Chi-Yu / Flutter Mane
519_koraidon-fluttermane.txt,I278,araquanid_mpk,araquanid_mpk,Tweet,-,15 May 2025,https://pokepast.es/f4c4c62ff8e4cdd5,Koraidon / Flutter Mane / Amoonguss / Incineroar / Calyrex-Ice / Gothitelle
520_calyrexshadow-terapagos.txt,I139,Sarapoke0914,Sarapoke0914,Tweet,-,25 Apr 2025,https://pokepast.es/f4da06a3558e10dd,Calyrex-Shadow / Terapagos / Incineroar / Rillaboom / Ogerpon-Cornerstone / Urshifu-Rapid-Strike
521_calyrexice-miraidon.txt,I157,Konnar Betts,That_Bravado,Tweet,-,28 Apr 2025,https://pokepast.es/f6239d6d6d255667,Calyrex-Ice / Miraidon / Whimsicott / Iron Hands / Ogerpon-Hearthflame / Farigiraf
524_koraidon-calyrexshadow.txt,I103,Conner P.,conner138382472,Tweet,-,21 Apr 2025,https://pokepast.es/fefc7cdae4087208,Koraidon / Calyrex-Shadow / Indeedee-F / Chi-Yu / Whimsicott / Brute Bonnet
525_tornadus-kyogre.txt,I435,Nick Holmer,milonickvgc,Utrecht Special Event 2025,9th,18 May 2025,https://pokepast.es/281ea9556b90c23c,Tornadus / Kyogre / Miraidon / Iron Hands / Tsareena / Urshifu-Rapid-Strike
526_miraidon-lunala.txt,I425,Roberto Parente,Manual Entry,Utrecht Special Event 2025,19th,18 May 2025,https://pokepast.es/37992b68fe6e58fd,Miraidon / Lunala / Incineroar / Ursaluna / Whimsicott / Urshifu-Rapid-Strike
527_calyrexshadow-terapagos.txt,I436,Jorijn Raijmakers,jorivgc,Utrecht Special Event 2025,8th,18 May 2025,https://pokepast.es/7fe04255991a9b62,Calyrex-Shadow / Terapagos / Incineroar / Ogerpon-Cornerstone / Rillaboom / Amoonguss
528_lunala-koraidon.txt,I420,potatolucy_,potatolucy_,Utrecht Special Event 2025,221st,19 May 2025,https://pokepast.es/82724d5b3289a01d,Lunala / Koraidon / Azelf / Flutter Mane / Chi-Yu / Ursaluna
530_calyrexice-miraidon.txt,I440,Alexander Ubaghs,King_BlexX,Utrecht Special Event 2025,4th,18 May 2025,https://pokepast.es/af82a8756568fea6,Calyrex-Ice / Miraidon / Grimmsnarl / Urshifu-Rapid-Strike / Incineroar / Landorus
531_miraidon-calyrexice.txt,I422,Dyl Yeomans,stickbugged_lol,Utrecht Special Event 2025,43rd,18 May 2025,https://pokepast.es/e0410ad570e6cb26,Miraidon / Calyrex-Ice / Sinistcha / Iron Hands / Farigiraf / Iron Valiant
532_miraidon-annihilape.txt,I424,Hsuan-Chih Kuo,suggy3333,Utrecht Special Event 2025,20th,18 May 2025,https://pokepast.es/e149976e6c5dbd44,Miraidon / Annihilape / Ho-Oh / Grimmsnarl / Sinistcha / Incineroar
533_koraidon-lunala.txt,I275,Michael Kelsch,michaelderbeste,VCL,-,14 May 2025,https://pokepast.es/387e2352d21c3699,Koraidon / Lunala / Ursaluna / Chi-Yu / Flutter Mane / Brute Bonnet
534_koraidon-terapagos.txt,I274,Michael Kelsch,michaelderbeste,VCL,-,14 May 2025,https://pokepast.es/b243f603fa020afd,Koraidon / Terapagos / Ogerpon-Cornerstone / Flutter Mane / Rillaboom / Incineroar
535_ironhands-hooh.txt,I276,Michael Kelsch,michaelderbeste,VCL,-,14 May 2025,https://pokepast.es/f8364b374d9adfa4,Iron Hands / Ho-Oh / Farigiraf / Miraidon / Grimmsnarl / Ursaluna
536_miraidon-lunala.txt,I206,CloverBells,cloverbells21,Video,-,5 May 2025,https://pokepast.es/01345bd443971dca,Miraidon / Lunala / Ogerpon-Hearthflame / Urshifu-Rapid-Strike / Iron Hands / Grimmsnarl
537_zamazenta-calyrexshadow.txt,I111,Justin Tang,Manual Entry,Video,-,22 Apr 2025,https://pokepast.es/07b5ce0b13f3800b,Zamazenta / Calyrex-Shadow / Urshifu-Rapid-Strike / Rillaboom / Tornadus / Chien-Pao
538_miraidon-calyrexice.txt,I212,CloverBells,cloverbells21,Video,-,5 May 2025,https://pokepast.es/07e943cf54b08874,Miraidon / Calyrex-Ice / Grimmsnarl / Iron Hands / Ogerpon-Hearthflame / Farigiraf
539_lunala-rillaboom.txt,I112,Justin Tang,Manual Entry,Video,-,22 Apr 2025,https://pokepast.es/085292aaadf008f5,Lunala / Rillaboom / Miraidon / Urshifu / Whimsicott / Volcarona
540_terapagos-calyrexshadow.txt,I518,CloverBells,cloverbells21,Video,-,11 Jun 2025,https://pokepast.es/19a35ef8304fb078,Terapagos / Calyrex-Shadow / Flutter Mane / Incineroar / Rillaboom / Amoonguss
541_koraidon-lunala.txt,I208,CloverBells,cloverbells21,Video,-,5 May 2025,https://pokepast.es/1d66ea6974a82303,Koraidon / Lunala / Chi-Yu / Brute Bonnet / Flutter Mane / Ditto
542_rayquaza-calyrexshadow.txt,I1093,joserockzvgc,joserockzvgc,Video,,4 Aug 2025,https://pokepast.es/1e55e819d918ceff,Rayquaza / Calyrex-Shadow / Incineroar / Chien-Pao / Urshifu-Rapid-Strike / Weezing-Galar
543_koraidon-lunala.txt,I194,akerubii64,akerubii64,Video,-,2 May 2025,https://pokepast.es/23d2f38cdbe1f73a,Koraidon / Lunala / Ursaluna / Volcarona / Flutter Mane / Raging Bolt
544_koraidon-calyrexshadow.txt,I116,Justin Tang,Manual Entry,Video,-,22 Apr 2025,https://pokepast.es/30544145f1a61376,Koraidon / Calyrex-Shadow / Indeedee-F / Chi-Yu / Whimsicott / Brute Bonnet
545_calyrexice-miraidon.txt,I114,Justin Tang,Manual Entry,Video,-,22 Apr 2025,https://pokepast.es/30a731d0cedcbc8c,Calyrex-Ice / Miraidon / Farigiraf / Incineroar / Urshifu-Rapid-Strike / Landorus
547_miraidon-hooh.txt,I209,CloverBells,cloverbells21,Video,-,5 May 2025,https://pokepast.es/36ee96ffa3246671,Miraidon / Ho-Oh / Grimmsnarl / Farigiraf / Iron Hands / Urshifu
548_lunala-miraidon.txt,I520,CloverBells,cloverbells21,Video,-,11 Jun 2025,https://pokepast.es/3cc156e3c227c684,Lunala / Miraidon / Incineroar / Rillaboom / Urshifu-Rapid-Strike / Volcarona
549_calyrexice-kyogre.txt,I519,CloverBells,cloverbells21,Video,-,11 Jun 2025,https://pokepast.es/42bbbc6fd9ccb761,Calyrex-Ice / Kyogre / Amoonguss / Urshifu-Rapid-Strike / Raging Bolt / Grimmsnarl
550_terapagos-incineroar.txt,I119,Justin Tang,Manual Entry,Video,-,22 Apr 2025,https://pokepast.es/4ebf8b02354b26c5,Terapagos / Incineroar / Koraidon / Flutter Mane / Raging Bolt / Ogerpon-Cornerstone
551_miraidon-lunala.txt,I204,CloverBells,cloverbells21,Video,-,5 May 2025,https://pokepast.es/503613d44ad3879a,Miraidon / Lunala / Incineroar / Grimmsnarl / Urshifu-Rapid-Strike / Ursaluna
552_calyrexshadow-zamazenta.txt,I521,CloverBells,cloverbells21,Video,-,11 Jun 2025,https://pokepast.es/5dfd00bb65459368,Calyrex-Shadow / Zamazenta / Chien-Pao / Raging Bolt / Amoonguss / Ting-Lu
553_calyrexshadow-zamazenta.txt,I196,akerubii64,akerubii64,Video,-,2 May 2025,https://pokepast.es/5ee3277dc45acb8c,Calyrex-Shadow / Zamazenta / Tornadus / Urshifu-Rapid-Strike / Chien-Pao / Entei
554_zamazenta-calyrexshadow.txt,I121,Justin Tang,Manual Entry,Video,-,22 Apr 2025,https://pokepast.es/60df237bcd30161e,Zamazenta / Calyrex-Shadow / Tornadus / Urshifu-Rapid-Strike / Rillaboom / Chien-Pao
555_koraidon-calyrexice.txt,I1089,joserockzvgc,joserockzvgc,Video,,4 Aug 2025,https://pokepast.es/6acf8047494ff1cb,Koraidon / Calyrex-Ice / Ursaluna / Ogerpon-Cornerstone / Chi-Yu / Raging Bolt
557_terapagos-incineroar.txt,I117,Justin Tang,Manual Entry,Video,-,22 Apr 2025,https://pokepast.es/6b8dee8caad79ea3,Terapagos / Incineroar / Rillaboom / Ogerpon-Cornerstone / Flutter Mane / Calyrex-Shadow
558_groudon-lunala.txt,I514,CloverBells,cloverbells21,Video,-,11 Jun 2025,https://pokepast.es/71d959f3d81f3bee,Groudon / Lunala / Incineroar / Raging Bolt / Jumpluff / Flutter Mane
559_miraidon-zamazenta.txt,I516,CloverBells,cloverbells21,Video,-,11 Jun 2025,https://pokepast.es/72468d9b73af860c,Miraidon / Zamazenta / Iron Hands / Chien-Pao / Grimmsnarl / Volcarona
561_kyogre-zamazenta.txt,I1092,joserockzvgc,joserockzvgc,Video,,4 Aug 2025,https://pokepast.es/7c30989a937b663c,Kyogre / Zamazenta / Chien-Pao / Indeedee-F / Tornadus / Rhyperior
562_koraidon-calyrexshadow.txt,I211,CloverBells,cloverbells21,Video,-,5 May 2025,https://pokepast.es/8a95a581b0d8786c,Koraidon / Calyrex-Shadow / Indeedee-F / Chi-Yu / Whimsicott / Brute Bonnet
563_lunala-koraidon.txt,I113,Justin Tang,Manual Entry,Video,-,22 Apr 2025,https://pokepast.es/90535086aec6b4ab,Lunala / Koraidon / Chi-Yu / Flutter Mane / Brute Bonnet / Ditto
565_terapagos-calyrexshadow.txt,I205,CloverBells,cloverbells21,Video,-,5 May 2025,https://pokepast.es/93e5038c91a954ea,Terapagos / Calyrex-Shadow / Flutter Mane / Ogerpon-Cornerstone / Incineroar / Rillaboom
566_seedot-calyrexice.txt,I640,Andrew Lavigne,AndyLaVGC,Video,-,23 Jun 2025,https://pokepast.es/97b08ac64029a7e1,Seedot / Calyrex-Ice / Farigiraf / Miraidon / Iron Hands / Incineroar
567_miraidon-calyrexice.txt,I522,CloverBells,cloverbells21,Video,-,11 Jun 2025,https://pokepast.es/98c036d335602d5e,Miraidon / Calyrex-Ice / Urshifu-Rapid-Strike / Grimmsnarl / Landorus / Incineroar
568_koraidon-hooh.txt,I147,James Baek,Manual Entry,Video,-,26 Apr 2025,https://pokepast.es/9e5369f4a592f5f9,Koraidon / Ho-Oh / Walking Wake / Rillaboom / Sandy Shocks / Cobalion
572_koraidon-lunala.txt,I118,Justin Tang,Manual Entry,Video,-,22 Apr 2025,https://pokepast.es/a6e418d06b74d7ea,Koraidon / Lunala / Chi-Yu / Ursaluna / Brute Bonnet / Flutter Mane
573_miraidon-zamazenta.txt,I1090,joserockzvgc,joserockzvgc,Video,,4 Aug 2025,https://pokepast.es/a83e647bfba290b1,Miraidon / Zamazenta / Farigiraf / Torkoal / Raichu-Alola / Landorus
574_calyrexice-lunala.txt,I85,MichaelderBeste,Manual Entry,Video,-,19 Apr 2025,https://pokepast.es/ac7dd204aa687537,Calyrex-Ice / Lunala / Urshifu-Rapid-Strike / Pelipper / Rillaboom / Ogerpon-Hearthflame
575_calyrexice-miraidon.txt,I195,akerubii64,akerubii64,Video,-,2 May 2025,https://pokepast.es/c3f74985030e2ac7,Calyrex-Ice / Miraidon / Okidogi / Farigiraf / Volcarona / Flutter Mane
576_zamazenta-calyrexshadow.txt,I210,CloverBells,cloverbells21,Video,-,5 May 2025,https://pokepast.es/c419685c3073151a,Zamazenta / Calyrex-Shadow / Urshifu-Rapid-Strike / Tornadus / Ogerpon-Hearthflame / Chien-Pao
577_regidrago-whimsicott.txt,I214,Andrew Lavigne,andylavgc,Video,-,6 May 2025,https://pokepast.es/d3c03aabb7db8599,Regidrago / Whimsicott / Calyrex-Shadow / Regieleki / Chien-Pao / Zamazenta
578_hooh-groudon.txt,I192,akerubii64,akerubii64,Video,-,2 May 2025,https://pokepast.es/e0b6732928b88544,Ho-Oh / Groudon / Raging Bolt / Flutter Mane / Incineroar / Grimmsnarl
579_calyrexshadow-zamazenta.txt,I363,MichaelderBeste,Manual Entry,Video,-,27 May 2025,https://pokepast.es/e5e075b413a76399,Calyrex-Shadow / Zamazenta / Chien-Pao / Raging Bolt / Amoonguss / Ting-Lu
580_miraidon-hooh.txt,I146,Collin,Manual Entry,Video,-,26 Apr 2025,https://pokepast.es/e6bfd0bc7dc7c72a,Miraidon / Ho-Oh / Farigiraf / Iron Hands / Iron Valiant / Ursaluna
582_koraidon-calyrexshadow.txt,I523,CloverBells,cloverbells21,Video,-,11 Jun 2025,https://pokepast.es/ee51086457e52966,Koraidon / Calyrex-Shadow / Weezing-Galar / Chi-Yu / Brute Bonnet / Raging Bolt
583_koraidon-calyrexice.txt,I517,CloverBells,cloverbells21,Video,-,11 Jun 2025,https://pokepast.es/f8cda9699f426a9f,Koraidon / Calyrex-Ice / Brute Bonnet / Iron Hands / Flutter Mane / Chi-Yu
584_koraidon-terapagos.txt,I72,MichaelderBeste,Manual Entry,Video,-,13 Apr 2025,https://pokepast.es/fabfbe812a546676,Koraidon / Terapagos / Incineroar / Rillaboom / Ogerpon-Cornerstone / Flutter Mane
585_kyogre-calyrexshadow.txt,I179,Ryan Loseto,SableyeVGC,VR April Challenge #2,11th,20 Apr 2025,https://pokepast.es/1570c5d117a5995a,Kyogre / Calyrex-Shadow / Incineroar / Rillaboom / Urshifu-Rapid-Strike / Roaring Moon
586_indeedeef-gardevoir.txt,I174,M. Khoa Nguyen,YukiNakafuyu,VR April Challenge #2,-,20 Apr 2025,https://pokepast.es/7c6aae585a36abd3,Indeedee-F / Gardevoir / Gallade / Oranguru / Necrozma-Dawn-Wings / Calyrex-Ice
587_hooh-miraidon.txt,I175,jortchamp,jortchamp,VR April Challenge #2,-,20 Apr 2025,https://pokepast.es/b346783e6a48e4fd,Ho-Oh / Miraidon / Urshifu-Rapid-Strike / Chien-Pao / Farigiraf / Iron Hands
588_miraidon-urshifurapidstrike.txt,I918,Daniel Oakes,danielacorn1990,VR July Challenge,-,5 Jul 2025,https://pokepast.es/80c3a100bf695be7,Miraidon / Urshifu-Rapid-Strike / Rayquaza / Volcarona / Amoonguss / Chien-Pao
589_groudon-sewaddle.txt,I959,draxolotl12,draxolotl12,VR July Challenge #2,27th,14 Jul 2025,https://pokepast.es/6d4ecc56df3dc25b,Groudon / Sewaddle / Zamazenta / Chien-Pao / Volcarona / Ogerpon-Cornerstone
591_calyrexshadow-zamazenta.txt,I618,Hsuan-Chih Kuo,suggy3333,VR June Challenge,21st,8 Jun 2025,https://pokepast.es/de6df2fdee5d1b21,Calyrex-Shadow / Zamazenta / Smeargle / Incineroar / Rillaboom / Raging Bolt
592_calyrexice-reshiram.txt,I642,dinomitevgc,dinomitevgc,VR June Challenge #2,20th,21 Jun 2025,https://pokepast.es/04130fdee6612239,Calyrex-Ice / Reshiram / Grimmsnarl / Rillaboom / Urshifu-Rapid-Strike / Incineroar
593_whimsicott-miraidon.txt,I658,daviron,davironyoutube,VR June Challenge #2,4th,22 Jun 2025,https://pokepast.es/0b69abd58ffa1de1,Whimsicott / Miraidon / Lunala / Ursaluna / Urshifu-Rapid-Strike / Chi-Yu
594_calyrexice-miraidon.txt,I659,Adam Colson,actornadoboy,VR June Challenge #2,3rd,22 Jun 2025,https://pokepast.es/15d4c0ccc6085ef9,Calyrex-Ice / Miraidon / Urshifu-Rapid-Strike / Farigiraf / Iron Hands / Ogerpon-Wellspring
595_zamazenta-calyrexshadow.txt,I655,Markus Stadter,13yoshi37,VR June Challenge #2,7th,22 Jun 2025,https://pokepast.es/bb0edd0d7fd0dfb9,Zamazenta / Calyrex-Shadow / Tornadus / Rillaboom / Smeargle / Raging Bolt
596_calyrexshadow-koraidon.txt,I660,Christopher H.,dartsvg,VR June Challenge #2,Runner Up,22 Jun 2025,https://pokepast.es/bb6f1223bbd3b7d5,Calyrex-Shadow / Koraidon / Incineroar / Iron Treads / Amoonguss / Walking Wake
597_calyrexshadow-koraidon.txt,I641,tilziie,tilziie,VR June Challenge #2,-,22 Jun 2025,https://pokepast.es/ffc7520f3d437947,Calyrex-Shadow / Koraidon / Tsareena / Flamigo / Sandy Shocks / Chi-Yu
598_terapagos-miraidon.txt,I842,trinkiseba,trinkiseba,VR June Challenge #3,16th,29 Jun 2025,https://pokepast.es/2c24196d127fe3a2,Terapagos / Miraidon / Incineroar / Iron Treads / Sinistcha / Urshifu-Rapid-Strike
599_calyrexshadow-miraidon.txt,I850,Masahiro Ito,gahaku_poke,VR June Challenge #3,8th,29 Jun 2025,https://pokepast.es/52b26a531e44bea5,Calyrex-Shadow / Miraidon / Iron Hands / Chi-Yu / Farigiraf / Whimsicott
601_calyrexice-kyogre.txt,I1240,Yuta Ishigaki,BTrickroomZ,VR March Challenge #3,8th,22 Mar 2026,https://pokepast.es/a87bf7583e3f8ca9,Calyrex-Ice / Kyogre / Grimmsnarl / Rillaboom / Urshifu-Rapid-Strike / Landorus
602_rillaboom-tinglu.txt,I1238,Sanghyeon Na,nashvgc,VR March Challenge #3,,21 Mar 2026,https://pokepast.es/ab3ccf1a60313d1e,Rillaboom / Ting-Lu / Ho-Oh / Toxapex / Calyrex-Shadow / Regieleki
603_whimsicott-calyrexshadow.txt,I461,Jonathan Marston,JonoTv2000,VR May Challenge,Champion,25 May 2025,https://pokepast.es/cd5756c9a47b994a,Whimsicott / Calyrex-Shadow / Miraidon / Incineroar / Iron Hands / Chi-Yu
605_miraidon-zamazenta.txt,I1102,nakano_nino7702,nakano_nino7702,VR Road To Anaheim #2,45th,4 Aug 2025,https://pokepast.es/fd1fb64cd3c42289,Miraidon / Zamazenta / Chien-Pao / Volcarona / Iron Hands / Amoonguss
606_groudon-miraidon.txt,I1139,Motoki Agano,agano_pokemon,VR Road to Anaheim - The Final Stretch,4th,11 Aug 2025,https://pokepast.es/56809088eb49b06d,Groudon / Miraidon / Chien-Pao / Entei / Jumpluff / Iron Hands
607_calyrexshadow-zamazenta.txt,I1193,Brian Collins,angelohunter_,Worlds 2025 Anaheim,29th,18 Aug 2025,https://pokepast.es/091668921de9bf55,Calyrex-Shadow / Zamazenta / Maushold / Whimsicott / Ursaluna-Bloodmoon / Roaring Moon
608_calyrexshadow-zamazenta.txt,I1192,Lin Guli,pokeguli,Worlds 2025 Anaheim,30th,18 Aug 2025,https://pokepast.es/0aee777f3c1c4ef3,Calyrex-Shadow / Zamazenta / Rillaboom / Raging Bolt / Ogerpon-Hearthflame / Smeargle
609_calyrexice-fluttermane.txt,I1173,SwapDogVGC,swapdogvgc,Worlds 2025 Anaheim,112nd,18 Aug 2025,https://pokepast.es/0b1ff15b046135eb,Calyrex-Ice / Flutter Mane / Chi-Yu / Landorus / Ogerpon-Cornerstone / Koraidon
610_calyrexshadow-zamazenta.txt,I1212,Montana Mott,montana_pokemon,Worlds 2025 Anaheim,4th,18 Aug 2025,https://pokepast.es/126d7aa0c90f9843,Calyrex-Shadow / Zamazenta / Chien-Pao / Dragonite / Raging Bolt / Amoonguss
612_rillaboom-calyrexshadow.txt,I1185,notonoto_mby,notonoto_mby,Worlds 2025 Anaheim,51st,18 Aug 2025,https://pokepast.es/19679711b46c5c2e,Rillaboom / Calyrex-Shadow / Incineroar / Clefairy / Miraidon / Grimmsnarl
613_koraidon-calyrexshadow.txt,I1166,Kaoru Ueki,kaoru389,Worlds 2025 Anaheim,174th,18 Aug 2025,https://pokepast.es/22985013d422095e,Koraidon / Calyrex-Shadow / Kingambit / Raging Bolt / Indeedee-F / Ursaluna-Bloodmoon
614_whimsicott-calyrexshadow.txt,I1172,Christian D. Vista,christiandaavee,Worlds 2025 Anaheim,133rd,18 Aug 2025,https://pokepast.es/261fd2b2cce8534f,Whimsicott / Calyrex-Shadow / Zamazenta / Chien-Pao / Ogerpon-Hearthflame / Raging Bolt
615_calyrexice-miraidon.txt,I1179,Onion,0nion_poke,Worlds 2025 Anaheim,69th,18 Aug 2025,https://pokepast.es/2df6aee8d51c602a,Calyrex-Ice / Miraidon / Urshifu-Rapid-Strike / Incineroar / Landorus / Amoonguss
617_calyrexshadow-zamazenta.txt,I1176,diguaaaaa,diguaaaaa,Worlds 2025 Anaheim,80th,18 Aug 2025,https://pokepast.es/3e81060a5f61a221,Calyrex-Shadow / Zamazenta / Chien-Pao / Raging Bolt / Volcarona / Amoonguss
618_calyrexice-miraidon.txt,I1156,Ling,yukirinli0724j0,Worlds 2025 Anaheim,350th,18 Aug 2025,https://pokepast.es/40fcd784b8ab6a7d,Calyrex-Ice / Miraidon / Incineroar / Urshifu-Rapid-Strike / Whimsicott / Ditto
619_koraidon-ragingbolt.txt,I1205,Yoshitaka Izawa,katakuri_yoshi,Worlds 2025 Anaheim,11th,18 Aug 2025,https://pokepast.es/44d8c503f326e805,Koraidon / Raging Bolt / Ho-Oh / Iron Treads / Incineroar / Flutter Mane
620_miraidon-groudon.txt,I1160,kkkk_poke,kkkk_poke,Worlds 2025 Anaheim,304th,18 Aug 2025,https://pokepast.es/44f4f2c7f7e62220,Miraidon / Groudon / Whimsicott / Volcarona / Bastiodon / Chien-Pao
621_calyrexshadow-fluttermane.txt,I1194,Toler Webb,dimsunlight,Worlds 2025 Anaheim,26th,19 Aug 2025,https://pokepast.es/450add33055486f8,Calyrex-Shadow / Flutter Mane / Koraidon / Clefairy / Incineroar / Ting-Lu
622_calyrexshadow-zamazenta.txt,I1181,dimthesimvgc,dimthesimvgc,Worlds 2025 Anaheim,63rd,19 Aug 2025,https://pokepast.es/4c413e404b594f5d,Calyrex-Shadow / Zamazenta / Chien-Pao / Amoonguss / Raging Bolt / Ogerpon-Cornerstone
623_miraidon-calyrexice.txt,I1200,Masayoshi Kuroo,f_kc56,Worlds 2025 Anaheim,16th,18 Aug 2025,https://pokepast.es/4deb07b3ed242cd5,Miraidon / Calyrex-Ice / Urshifu-Rapid-Strike / Sneasler / Incineroar / Ditto
624_incineroar-landorus.txt,I1214,James Evans,thekingvillager,Worlds 2025 Anaheim,Runner Up,18 Aug 2025,https://pokepast.es/5ae4b509bdaaa388,Incineroar / Landorus / Calyrex-Shadow / Koraidon / Brute Bonnet / Raging Bolt
625_calyrexshadow-smeargle.txt,I1177,Fabian Kuhl,1finabas,Worlds 2025 Anaheim,76th,19 Aug 2025,https://pokepast.es/5fbebe282438a80f,Calyrex-Shadow / Smeargle / Zamazenta / Incineroar / Rillaboom / Ogerpon-Hearthflame
626_miraidon-calyrexice.txt,I1162,Donguk Jung,dong67888,Worlds 2025 Anaheim,259th,18 Aug 2025,https://pokepast.es/6fa99c95c916ad10,Miraidon / Calyrex-Ice / Landorus / Amoonguss / Incineroar / Farigiraf
627_terapagos-calyrexshadow.txt,I1189,Max Morales,max_ljcr,Worlds 2025 Anaheim,36th,19 Aug 2025,https://pokepast.es/73500d30cd689046,Terapagos / Calyrex-Shadow / Iron Hands / Smeargle / Chi-Yu / Tornadus
628_miraidon-calyrexice.txt,I1187,frozen3times,frozen3times,Worlds 2025 Anaheim,47th,18 Aug 2025,https://pokepast.es/758a392e6c57731b,Miraidon / Calyrex-Ice / Incineroar / Grimmsnarl / Tornadus / Urshifu-Rapid-Strike
629_miraidon-lunala.txt,I1211,Ko Tsukide,huyubare_poke,Worlds 2025 Anaheim,5th,18 Aug 2025,https://pokepast.es/795b7bfb5ebc3a5b,Miraidon / Lunala / Whimsicott / Urshifu-Rapid-Strike / Incineroar / Ursaluna
630_calyrexice-lunala.txt,I1190,johnnychiou36,johnnychiou36,Worlds 2025 Anaheim,35th,18 Aug 2025,https://pokepast.es/7c8ab46f9370695b,Calyrex-Ice / Lunala / Smeargle / Urshifu / Torkoal / Indeedee-F
631_calyrexshadow-zamazenta.txt,I1183,Ryoma Okamoto,ryoma9901_poke,Worlds 2025 Anaheim,57th,18 Aug 2025,https://pokepast.es/7f094109c31346bd,Calyrex-Shadow / Zamazenta / Chien-Pao / Chi-Yu / Amoonguss / Tornadus
632_zamazenta-calyrexshadow.txt,I1180,Alister Sandover,vivalavlade,Worlds 2025 Anaheim,68th,18 Aug 2025,https://pokepast.es/81c1c43c38a93929,Zamazenta / Calyrex-Shadow / Incineroar / Rillaboom / Smeargle / Tornadus
633_calyrexice-lunala.txt,I1182,PsychoR&R,psyr_r,Worlds 2025 Anaheim,61st,18 Aug 2025,https://pokepast.es/82a18ee0603eeb4d,Calyrex-Ice / Lunala / Smeargle / Torkoal / Urshifu / Indeedee-F
634_koraidon-fluttermane.txt,I1169,pokemon_8989,pokemon_8989,Worlds 2025 Anaheim,165th,18 Aug 2025,https://pokepast.es/8c55baafd2d93342,Koraidon / Flutter Mane / Calyrex-Ice / Raging Bolt / Incineroar / Ogerpon-Cornerstone
635_calyrexshadow-miraidon.txt,I1171,Ze Banded,zebanded,Worlds 2025 Anaheim,134th,18 Aug 2025,https://pokepast.es/8df223f240904048,Calyrex-Shadow / Miraidon / Whimsicott / Farigiraf / Iron Hands / Chi-Yu
636_miraidon-groudon.txt,I1159,Q,q_vgc_poke0306,Worlds 2025 Anaheim,294th,18 Aug 2025,https://pokepast.es/9001d39973ec47b6,Miraidon / Groudon / Volcarona / Chien-Pao / Grimmsnarl / Incineroar
637_calyrexshadow-zamazenta.txt,I1168,Ryotaro Kimura,infp_poke,Worlds 2025 Anaheim,168th,18 Aug 2025,https://pokepast.es/927693e3ebedc4e8,Calyrex-Shadow / Zamazenta / Raging Bolt / Dragonite / Rillaboom / Torkoal
638_calyrexice-amoonguss.txt,I1186,Duh Jenn-Chau,ilike282,Worlds 2025 Anaheim,50th,18 Aug 2025,https://pokepast.es/92f6923c6ec1cdd6,Calyrex-Ice / Amoonguss / Urshifu-Rapid-Strike / Volcarona / Miraidon / Incineroar
639_miraidon-calyrexice.txt,I1157,newcon8,newcon8,Worlds 2025 Anaheim,312th,18 Aug 2025,https://pokepast.es/9c9ac76f208ae520,Miraidon / Calyrex-Ice / Incineroar / Urshifu-Rapid-Strike / Farigiraf / Landorus
640_miraidon-calyrexice.txt,I1164,VaVaVa,vavava_vgc,Worlds 2025 Anaheim,218th,18 Aug 2025,https://pokepast.es/a37382f27be1c1fe,Miraidon / Calyrex-Ice / Grimmsnarl / Incineroar / Annihilape / Ditto
641_incineroar-volcarona.txt,I1165,k4n4el,k4n4el,Worlds 2025 Anaheim,190th,19 Aug 2025,https://pokepast.es/a6da5255cf3e2597,Incineroar / Volcarona / Zamazenta / Miraidon / Chien-Pao / Dragonite
642_groudon-chiyu.txt,I1195,Justin Tang,unironicpanda,Worlds 2025 Anaheim,21st,18 Aug 2025,https://pokepast.es/ad61395b88cabd3b,Groudon / Chi-Yu / Flutter Mane / Raging Bolt / Calyrex-Ice / Jumpluff
644_calyrexice-miraidon.txt,I1174,Katsuhiko Minami,poke_minamin,Worlds 2025 Anaheim,86th,19 Aug 2025,https://pokepast.es/ba9997bef8e3dccf,Calyrex-Ice / Miraidon / Amoonguss / Incineroar / Landorus / Urshifu-Rapid-Strike
645_calyrexshadow-koraidon.txt,I1206,James Baek,JamesWBaek,Worlds 2025 Anaheim,10th,18 Aug 2025,https://pokepast.es/c02ac80fc18b0e92,Calyrex-Shadow / Koraidon / Rillaboom / Incineroar / Volcarona / Regieleki
646_whimsicott-miraidon.txt,I1158,Chen Chih-Chun,toootvgc,Worlds 2025 Anaheim,308th,19 Aug 2025,https://pokepast.es/c5d1f5386e9dab5e,Whimsicott / Miraidon / Incineroar / Urshifu-Rapid-Strike / Ursaluna-Bloodmoon / Calyrex-Shadow
647_tornadus-groudon.txt,I1163,kogepan,kogepannachan,Worlds 2025 Anaheim,222nd,18 Aug 2025,https://pokepast.es/ce1da57aaaba8516,Tornadus / Groudon / Lunala / Raging Bolt / Smeargle / Ogerpon-Hearthflame
648_incineroar-rillaboom.txt,I1213,Hirofumi Kimura,hirosipoke,Worlds 2025 Anaheim,3rd,18 Aug 2025,https://pokepast.es/d06d5ca3ef27d0f4,Incineroar / Rillaboom / Landorus / Smeargle / Koraidon / Calyrex-Ice
649_miraidon-rillaboom.txt,I1175,tobo_oce,tobo_oce,Worlds 2025 Anaheim,85th,19 Aug 2025,https://pokepast.es/d73a1116c8cd2434,Miraidon / Rillaboom / Zamazenta / Volcarona / Ogerpon / Chien-Pao
650_urshifurapidstrike-ursaluna.txt,I1188,Yan Sym,hellraiser_vgc,Worlds 2025 Anaheim,38th,18 Aug 2025,https://pokepast.es/e37219f190f021c7,Urshifu-Rapid-Strike / Ursaluna / Lunala / Incineroar / Miraidon / Whimsicott
652_calyrexice-miraidon.txt,I1170,Yuta Ishigaki,btrickroomz,Worlds 2025 Anaheim,157th,18 Aug 2025,https://pokepast.es/edf966caf4bd837c,Calyrex-Ice / Miraidon / Urshifu-Rapid-Strike / Incineroar / Landorus / Farigiraf
653_calyrexshadow-koraidon.txt,I1161,Tomoki Kinoshita,kinop_oke6,Worlds 2025 Anaheim,292nd,19 Aug 2025,https://pokepast.es/ef9b17a839a93391,Calyrex-Shadow / Koraidon / Flutter Mane / Incineroar / Rillaboom / Clefairy
654_koraidon-calyrexice.txt,I1167,Ryan Loseto,sableyevgc,Worlds 2025 Anaheim,170th,19 Aug 2025,https://pokepast.es/f2f9c1b1c1e7d3a9,Koraidon / Calyrex-Ice / Incineroar / Chi-Yu / Flutter Mane / Ogerpon-Cornerstone
655_zamazenta-calyrexshadow.txt,I1204,Naoto Kishida,chan_naaa_chan,Worlds 2025 Anaheim,12th,18 Aug 2025,https://pokepast.es/f946591c9a0c8b85,Zamazenta / Calyrex-Shadow / Clefairy / Incineroar / Rillaboom / Grimmsnarl
656_calyrexice-miraidon.txt,I1178,hampoke79813,hampoke79813,Worlds 2025 Anaheim,75th,18 Aug 2025,https://pokepast.es/ff5c7e93ffc23582,Calyrex-Ice / Miraidon / Urshifu-Rapid-Strike / Incineroar / Landorus / Farigiraf
657_whimsicott-miraidon.txt,I1153,yes_no_poke,yes_no_poke,Worlds 2025 Anaheim (Seniors),5th,18 Aug 2025,https://pokepast.es/0bffe74cf89896b3,Whimsicott / Miraidon / Urshifu-Rapid-Strike / Incineroar / Ursaluna / Lunala
658_incineroar-zamazenta.txt,I1155,sian0230,sian0230,Worlds 2025 Anaheim (Seniors),Runner Up,19 Aug 2025,https://pokepast.es/375de6e5a1590f06,Incineroar / Zamazenta / Ogerpon-Hearthflame / Raging Bolt / Calyrex-Shadow / Rillaboom
659_ironbundle-volcarona.txt,I1151,hal3709,hal3709,Worlds 2025 Anaheim (Seniors),16th,18 Aug 2025,https://pokepast.es/4618384bae47d5e0,Iron Bundle / Volcarona / Zamazenta / Ursaluna-Bloodmoon / Farigiraf / Miraidon
660_miraidon-calyrexshadow.txt,I1149,lo9,lo9,Worlds 2025 Anaheim (Seniors),59th,18 Aug 2025,https://pokepast.es/77a2c1740324fb15,Miraidon / Calyrex-Shadow / Volcarona / Incineroar / Clefairy / Rillaboom
661_lunala-groudon.txt,I1147,fireb7799,fireb7799,Worlds 2025 Anaheim (Seniors),,18 Aug 2025,https://pokepast.es/8fc2d8bc73b10c60,Lunala / Groudon / Ogerpon-Hearthflame / Flutter Mane / Whimsicott / Meowstic
662_miraidon-urshifurapidstrike.txt,I1148,dennezumi151,dennezumi151,Worlds 2025 Anaheim (Seniors),99th,18 Aug 2025,https://pokepast.es/ad9d370f71b3b927,Miraidon / Urshifu-Rapid-Strike / Vikavolt / Calyrex-Shadow / Smeargle / Tornadus
664_calyrexshadow-zamazenta.txt,I1150,Ryu,ryu_poke197,Worlds 2025 Anaheim (Seniors),21st,19 Aug 2025,https://pokepast.es/f57b38be2db82b2c,Calyrex-Shadow / Zamazenta / Chien-Pao / Raging Bolt / Ogerpon-Hearthflame / Whimsicott
665_miraidon-glimmora.txt,I87,Decopon,decopon_poke,Yashi-Off,-,19 Apr 2025,https://pokepast.es/2ed579738b5d1cc8,Miraidon / Glimmora / Calyrex-Ice / Urshifu / Sinistcha / Incineroar
666_miraidon-calyrexice.txt,I94,Yuta Ishigaki,btrickroomz,Yashi-Off,-,20 Apr 2025,https://pokepast.es/3e306c624018982e,Miraidon / Calyrex-Ice / Iron Valiant / Volcarona / Urshifu-Rapid-Strike / Farigiraf
667_vaporeon-koraidon.txt,I86,cancercamp99999,cancercamp99999,Yashi-Off,-,19 Apr 2025,https://pokepast.es/70c674f7bd769c91,Vaporeon / Koraidon / Lunala / Ogerpon-Hearthflame / Indeedee-F / Raging Bolt
668_braixen-miraidon.txt,I92,chrono_876,chrono_876,Yashi-Off,16th,19 Apr 2025,https://pokepast.es/83aa9720c806dc50,Braixen / Miraidon / Calyrex-Ice / Amoonguss / Landorus-Therian / Grimmsnarl
669_calyrexshadow-zamazenta.txt,I91,toshiniki,toshi_kyogre,Yashi-Off,29th,19 Apr 2025,https://pokepast.es/e5b6418c8464ed2e,Calyrex-Shadow / Zamazenta / Tornadus / Urshifu-Rapid-Strike / Rillaboom / Chien-Pao
